polity_id,year_from,year_to,longitude,latitude,elevation,sub_category,magnitude,duration
CnQingE,1644,1644,117.391278,39.011594,2.7,Peculiar Epidemics,Uncertain,No description
CnQingE,1644,1644,116.25938400000001,38.478592,9.5,Peculiar Epidemics,Uncertain,No description
CnQingE,1644,1644,115.20971100000001,40.097282,1325.0,Pestilence,Light,No description
CnQingE,1644,1644,116.156333,40.537864,519.4,Pestilence,Heavy,No description
CnQingE,1644,1644,115.048022,40.547444,641.2,Pestilence,Heavy,No description
CnQingE,1644,1644,115.87732700000001,40.947453,1165.6,Pestilence,Heavy,No description
CnQingE,1644,1644,114.379902,40.133757,863.8,Pestilence,Heavy,No description
CnQingE,1644,1644,114.598476,40.836408,1128.8,Pestilence,Heavy,No description
CnQingE,1644,1644,115.476275,38.731365999999994,19.7,Pestilence,Heavy,No description
CnQingE,1644,1644,115.744602,39.20604,27.6,Pestilence,Heavy,No description
CnQingE,1644,1644,113.164625,40.156114,1348.4,Pestilence,Heavy,No description
CnQingE,1644,1644,114.197763,39.375898,1548.9,Pestilence,Heavy,No description
CnQingE,1644,1644,113.247184,39.500212,1040.7,Pestilence,Heavy,No description
CnQingE,1644,1644,113.072675,36.021537,1028.9,Pestilence,Heavy,No description
CnQingE,1644,1644,112.97335,36.572961,1035.3,Pestilence,Heavy,No description
CnQingE,1644,1644,113.24327199999999,36.369323,993.7,Pestilence,Heavy,No description
CnQingE,1644,1644,120.180205,30.784307000000002,2.1,Pestilence,Heavy,No description
CnQingE,1644,1644,121.32328500000001,30.179804999999998,7.3,Pestilence,Heavy,No description
CnQingE,1644,1644,117.11300800000001,26.862021999999996,310.5,Pestilence,Heavy,No description
CnQingE,1644,1644,111.368082,30.291679,117.5,Pestilence,Heavy,No description
CnQingE,1644,1644,111.68368500000001,30.465326,61.9,Pestilence,Heavy,No description
CnQingE,1644,1644,112.99536100000002,28.170764000000002,77.6,Pestilence,Heavy,No description
CnQingE,1644,1644,112.153296,29.443949,33.0,Pestilence,Heavy,No description
CnQingE,1644,1644,112.153296,29.443949,33.0,Pestilence,Heavy,No description
CnQingE,1644,1644,112.445027,28.513175,58.1,Pestilence,Heavy,No description
CnQingE,1644,1644,115.970142,37.348956,28.4,Pestilence,No description,No description
CnQingE,1644,1644,117.113426,36.607995,311.9,Pestilence,No description,No description
CnQingE,1644,1644,114.69678400000001,39.873253000000005,944.7,Pestilence,Uncertain,No description
CnQingE,1644,1644,114.712979,39.360039,857.1,Pestilence,Uncertain,No description
CnQingE,1644,1644,113.808131,40.21567,1138.3,Pestilence,Uncertain,No description
CnQingE,1644,1644,114.146472,39.764821999999995,1305.7,Pestilence,Uncertain,No description
CnQingE,1644,1644,112.405569,39.999114,1390.6,Pestilence,Uncertain,No description
CnQingE,1644,1644,116.32229199999999,37.449157,22.8,Pestilence,Uncertain,No description
CnQingE,1644,1644,116.57203799999999,36.91114,25.0,Pestilence,Uncertain,No description
CnQingE,1644,1644,110.465015,29.159187,179.1,Pestilence,Uncertain,No description
CnQingE,1645,1646,113.115321,30.646001000000002,29.1,Peculiar Epidemics,Uncertain,No description
CnQingE,1645,1645,120.180205,30.784307000000002,2.1,Pestilence,Heavy,No description
CnQingE,1645,1645,113.54508600000001,30.926626000000002,29.9,Pestilence,Heavy,No description
CnQingE,1645,1645,113.622431,31.303246,60.2,Pestilence,Heavy,No description
CnQingE,1645,1645,114.38140800000001,29.850263,85.5,Pestilence,Heavy,No description
CnQingE,1645,1646,113.115321,30.646001000000002,29.1,Pestilence,Heavy,No description
CnQingE,1645,1645,112.75974,32.089828000000004,139.7,Pestilence,Heavy,No description
CnQingE,1645,1645,112.35875300000001,31.671546999999997,54.7,Pestilence,Uncertain,No description
CnQingE,1646,1647,114.351423,25.441629000000002,437.8,Pestilence,Heavy,Over 90 Days
CnQingE,1646,1646,112.95473,36.881944,1164.4,Pestilence,Heavy,No description
CnQingE,1646,1646,118.382185,35.106435,65.0,Pestilence,Heavy,No description
CnQingE,1646,1646,116.239228,27.392578000000004,207.6,Pestilence,Heavy,No description
CnQingE,1646,1647,114.697842,25.827402,141.5,Pestilence,Heavy,No description
CnQingE,1646,1646,114.38140800000001,29.850263,85.5,Pestilence,Heavy,No description
CnQingE,1646,1646,115.12872,29.825705,17.6,Pestilence,Heavy,No description
CnQingE,1646,1646,114.054103,29.458803000000003,85.7,Pestilence,Heavy,No description
CnQingE,1646,1646,112.75974,32.089828000000004,139.7,Pestilence,Heavy,No description
CnQingE,1646,1646,113.70613700000001,28.231983000000003,86.5,Pestilence,Heavy,No description
CnQingE,1646,1646,114.52979599999999,24.334068,449.3,Pestilence,Heavy,No description
CnQingE,1646,1646,106.62813700000001,29.366071,279.4,Pestilence,Heavy,No description
CnQingE,1646,1646,106.25823799999999,29.030458000000003,276.8,Pestilence,Heavy,No description
CnQingE,1647,1647,116.034228,39.25906,20.8,Pestilence,Heavy,No description
CnQingE,1647,1647,118.884879,29.608818,195.8,Pestilence,Heavy,No description
CnQingE,1647,1647,116.349202,27.922022,39.6,Pestilence,Heavy,No description
CnQingE,1647,1648,116.745557,27.93256,86.3,Pestilence,Heavy,No description
CnQingE,1647,1647,116.80721899999999,25.598784,594.0,Pestilence,Heavy,No description
CnQingE,1647,1647,113.45745900000001,27.661007,111.4,Pestilence,Heavy,No description
CnQingE,1647,1647,112.401776,27.084921,88.1,Pestilence,Heavy,No description
CnQingE,1647,1647,105.494801,31.898088,822.7,Pestilence,Heavy,No description
CnQingE,1647,1647,106.10251799999999,31.916096000000003,519.0,Pestilence,Heavy,No description
CnQingE,1647,1647,106.28493700000001,26.407725,1379.5,Pestilence,Heavy,No description
CnQingE,1647,1647,102.574867,24.610875,1977.9,Pestilence,Heavy,No description
CnQingE,1647,1647,115.29058,28.364089,33.9,Pestilence,Uncertain,No description
CnQingE,1647,1647,120.092824,32.219519,3.1,Pestilence,Uncertain,No description
CnQingE,1647,1647,121.006976,32.078142,3.8,Pestilence,Uncertain,No description
CnQingE,1647,1647,114.76111399999999,28.451940000000004,138.5,Pestilence,Uncertain,No description
CnQingE,1647,1647,115.62836200000001,23.798351999999998,408.0,Pestilence,Uncertain,No description
CnQingE,1647,1647,104.23504100000001,30.675091,493.8,Pestilence,Uncertain,No description
CnQingE,1647,1647,103.363212,30.385076,564.9,Pestilence,Uncertain,No description
CnQingE,1647,1647,103.21674399999999,30.127889,648.3,Pestilence,Uncertain,No description
CnQingE,1648,1648,120.479444,30.605512,9.0,Pestilence,Heavy,No description
CnQingE,1648,1648,120.180205,30.784307000000002,2.1,Pestilence,Heavy,No description
CnQingE,1648,1648,116.360657,26.302221999999997,340.2,Pestilence,Heavy,No description
CnQingE,1648,1648,117.468772,27.232468,514.5,Pestilence,Heavy,No description
CnQingE,1648,1648,117.342699,27.652942,307.3,Pestilence,Heavy,No description
CnQingE,1648,1648,109.989832,28.160396999999996,499.4,Pestilence,Heavy,No description
CnQingE,1648,1648,109.989832,28.160396999999996,499.4,Pestilence,Heavy,No description
CnQingE,1648,1648,109.046048,25.334807,354.2,Pestilence,Heavy,No description
CnQingE,1648,1648,103.383989,29.503590000000003,967.3,Pestilence,Heavy,No description
CnQingE,1648,1648,108.25901200000001,29.352215,805.4,Pestilence,Heavy,No description
CnQingE,1648,1648,106.75083400000001,30.588582000000002,225.7,Pestilence,Heavy,No description
CnQingE,1648,1648,108.25901200000001,29.352215,805.4,Pestilence,Heavy,No description
CnQingE,1648,1648,114.102496,24.844708999999998,250.0,Pestilence,Heavy- Multiple Times,No description
CnQingE,1648,1649,106.897672,27.702516999999997,860.1,Pestilence,Heavy- Multiple Times,No description
CnQingE,1648,1648,117.775001,29.324258,138.8,Pestilence,Uncertain,No description
CnQingE,1648,1648,111.378524,28.284685999999997,624.0,Pestilence,Uncertain,No description
CnQingE,1648,1648,108.81050900000001,24.900026,924.5,Pestilence,Uncertain,No description
CnQingE,1648,1648,106.10251799999999,31.916096000000003,519.0,Pestilence,Uncertain,No description
CnQingE,1649,1649,114.01106999999999,26.700307000000002,318.3,Miasm,Uncertain,No description
CnQingE,1649,1649,116.357326,25.69121,422.6,Pestilence,Heavy,No description
CnQingE,1649,1649,116.90903999999999,26.096976,320.8,Pestilence,Heavy,No description
CnQingE,1649,1649,116.663243,26.304059000000002,355.4,Pestilence,Heavy,No description
CnQingE,1649,1649,112.339132,27.773621999999996,96.7,Pestilence,Heavy,No description
CnQingE,1649,1649,112.445027,28.513175,58.1,Pestilence,Heavy,No description
CnQingE,1649,1649,108.25901200000001,29.352215,805.4,Pestilence,Heavy,No description
CnQingE,1649,1649,114.102496,24.844708999999998,250.0,Pestilence,Heavy- Multiple Times,No description
CnQingE,1649,1649,106.897672,27.702516999999997,860.1,Pestilence,Heavy- Multiple Times,No description
CnQingE,1649,1649,114.01106999999999,26.700307000000002,318.3,Pestilence,Uncertain,No description
CnQingE,1649,1649,112.996799,25.783519000000002,271.8,Pestilence,Uncertain,No description
CnQingE,1649,1649,111.378524,28.284685999999997,624.0,Pestilence,Uncertain,No description
CnQingE,1649,1649,106.419803,31.001409999999996,319.0,Pestilence,Uncertain,No description
CnQingE,1650,1650,117.775001,29.324258,138.8,Pestilence,Heavy,No description
CnQingE,1650,1650,113.83748600000001,26.377312,857.3,Pestilence,Heavy,No description
CnQingE,1650,1650,112.405569,39.999114,1390.6,Pestilence,Uncertain,No description
CnQingE,1651,1651,112.99536100000002,28.170764000000002,77.6,Pestilence,Heavy,No description
CnQingE,1651,1651,116.77862900000001,26.817175,361.6,Pestilence,Heavy,No description
CnQingE,1651,1651,112.765345,39.994142,1394.0,Pestilence,Uncertain,No description
CnQingE,1651,1651,112.313148,39.468034,1350.7,Pestilence,Uncertain,No description
CnQingE,1651,1651,119.96215500000001,31.776182000000002,7.4,Pestilence,Uncertain,No description
CnQingE,1651,1651,121.521584,29.782890000000002,4.6,Pestilence,Uncertain,No description
CnQingE,1652,1652,116.484072,38.905601000000004,4.1,Pestilence,Heavy,No description
CnQingE,1652,1652,116.484072,38.905601000000004,4.1,Pestilence,Heavy,No description
CnQingE,1652,1652,118.05543600000001,27.4046,242.9,Pestilence,Heavy,No description
CnQingE,1652,1652,114.884114,33.705385,45.9,Pestilence,Heavy,No description
CnQingE,1652,1652,111.23938799999999,25.193548999999997,277.6,Pestilence,Heavy,No description
CnQingE,1652,1652,110.730915,26.784847999999997,475.0,Pestilence,Heavy,No description
CnQingE,1652,1652,119.78551999999999,31.358953000000003,2.9,Pestilence,Uncertain,No description
CnQingE,1652,1652,121.006976,32.078142,3.8,Pestilence,Uncertain,No description
CnQingE,1652,1652,120.568183,32.264155,6.5,Pestilence,Uncertain,No description
CnQingE,1652,1652,120.553937,32.784224,2.0,Pestilence,Uncertain,No description
CnQingE,1652,1652,117.26628799999999,31.834359000000003,31.4,Pestilence,Uncertain,No description
CnQingE,1652,1652,109.402001,19.565089999999998,89.5,Pestilence,Uncertain,No description
CnQingE,1653,1653,115.61236299999999,30.011231,47.1,Miasm,Uncertain,No description
CnQingE,1653,1653,109.966908,33.423271,1096.1,Pestilence,Heavy,No description
CnQingE,1653,1653,119.445274,32.406239,9.0,Pestilence,Heavy,No description
CnQingE,1653,1653,118.473506,27.041753000000003,144.5,Pestilence,Heavy,No description
CnQingE,1653,1653,118.473506,27.041753000000003,144.5,Pestilence,Heavy,No description
CnQingE,1653,1653,118.51096899999999,27.941544,237.7,Pestilence,Heavy,No description
CnQingE,1653,1653,119.49436899999999,27.426001,944.4,Pestilence,Heavy,No description
CnQingE,1653,1653,110.90878400000001,26.544096000000003,428.4,Pestilence,Heavy,No description
CnQingE,1653,1653,111.317824,23.486528,97.8,Pestilence,Heavy,No description
CnQingE,1653,1654,114.69678400000001,39.873253000000005,944.7,Pestilence,Heavy- Multiple Times,No description
CnQingE,1653,1654,114.712979,39.360039,857.1,Pestilence,Heavy- Multiple Times,No description
CnQingE,1653,1654,114.146472,39.764821999999995,1305.7,Pestilence,No description,No description
CnQingE,1653,1653,112.405569,39.999114,1390.6,Pestilence,Uncertain,No description
CnQingE,1653,1653,120.553937,32.784224,2.0,Pestilence,Uncertain,No description
CnQingE,1653,1653,117.999016,27.745963,219.9,Pestilence,Uncertain,No description
CnQingE,1653,1653,119.98119299999999,26.8636,118.6,Pestilence,Uncertain,No description
CnQingE,1654,1655,117.342699,27.652942,307.3,Pox,Uncertain,No description
CnQingE,1654,1654,114.379902,40.133757,863.8,Pestilence,Heavy,No description
CnQingE,1654,1655,112.83188200000001,37.642125,866.1,Pestilence,Heavy,No description
CnQingE,1654,1654,110.311502,26.321386999999998,655.1,Pestilence,Heavy,No description
CnQingE,1654,1654,112.66530900000001,24.505855,448.3,Pestilence,Heavy,No description
CnQingE,1654,1654,111.115743,22.428639999999998,395.5,Pestilence,Heavy,No description
CnQingE,1654,1654,111.809731,37.67671,1318.4,Pestilence,Uncertain,No description
CnQingE,1654,1654,111.94758200000001,37.45225,1222.3,Pestilence,Uncertain,No description
CnQingE,1654,1654,116.77862900000001,26.817175,361.6,Pestilence,Uncertain,No description
CnQingE,1655,1655,118.67533600000002,40.031695,54.3,Pestilence,Heavy,No description
CnQingE,1655,1656,107.423875,34.569691999999996,860.2,Pestilence,Heavy,No description
CnQingE,1656,1656,121.32328500000001,30.179804999999998,7.3,Pox,Uncertain,No description
CnQingE,1656,1656,114.06785900000001,35.492828,90.9,Pestilence,Heavy,No description
CnQingE,1656,1656,120.374468,27.635011,12.3,Pestilence,Uncertain,No description
CnQingE,1656,1656,110.311502,26.321386999999998,655.1,Pestilence,Uncertain,No description
CnQingE,1657,1657,116.347494,23.591034,18.2,Pox,Uncertain,No description
CnQingE,1657,1657,109.13764599999999,35.13948,973.6,Pestilence,Heavy,No description
CnQingE,1657,1657,113.83748600000001,26.377312,857.3,Pestilence,Heavy,No description
CnQingE,1657,1657,112.59436799999999,25.890083999999998,314.6,Pestilence,Heavy,No description
CnQingE,1657,1657,112.66530900000001,24.505855,448.3,Pestilence,Heavy,No description
CnQingE,1657,1657,120.21618899999999,27.324521999999998,16.3,Pestilence,Heavy- Multiple Times,No description
CnQingE,1657,1657,112.42083500000001,26.36119,103.2,Pestilence,Heavy- Multiple Times,No description
CnQingE,1657,1657,112.996799,25.783519000000002,271.8,Pestilence,Uncertain,No description
CnQingE,1658,1658,116.051158,27.71364,90.8,Peculiar Epidemics,Uncertain,No description
CnQingE,1658,1658,115.62836200000001,23.798351999999998,408.0,Peculiar Epidemics,Uncertain,No description
CnQingE,1658,1658,112.35875300000001,31.671546999999997,54.7,Pestilence,Heavy,No description
CnQingE,1658,1658,111.317824,23.486528,97.8,Pestilence,Heavy,No description
CnQingE,1658,1658,109.13644099999999,22.313843,47.9,Pestilence,Heavy,No description
CnQingE,1658,1658,116.051158,27.71364,90.8,Pestilence,Uncertain,No description
CnQingE,1659,1659,121.001502,28.256333,36.3,Pestilence,Heavy,No description
CnQingE,1659,1659,111.54080800000001,26.131911,139.4,Pestilence,Heavy,No description
CnQingE,1659,1659,120.670994,28.000701,10.8,Pestilence,Uncertain,No description
CnQingE,1660,1660,116.803207,37.678126,18.5,Pestilence,Uncertain,No description
CnQingE,1661,1661,112.03436699999999,32.681389,113.4,Pestilence,Uncertain,No description
CnQingE,1662,1662,121.24963600000001,37.467374,7.8,Pestilence,Heavy,No description
CnQingE,1662,1662,120.737675,36.903649,29.3,Pestilence,Heavy,No description
CnQingE,1662,1662,121.541049,37.276968,98.6,Pestilence,Heavy,No description
CnQingE,1662,1662,121.10073700000001,36.856658,213.1,Pestilence,Heavy,No description
CnQingE,1663,1663,121.49450800000001,31.339228000000002,6.1,Pestilence,Heavy,No description
CnQingE,1663,1663,121.63616100000002,31.230935,5.0,Pestilence,Heavy,No description
CnQingE,1663,1663,120.180205,30.784307000000002,2.1,Pestilence,Heavy,No description
CnQingE,1663,1663,120.737675,36.903649,29.3,Pestilence,Uncertain,No description
CnQingE,1663,1663,121.49450800000001,31.339228000000002,6.1,Pestilence,Uncertain,No description
CnQingE,1663,1663,108.660878,22.042189999999998,24.7,Pestilence,Uncertain,No description
CnQingE,1665,1665,117.11300800000001,26.862021999999996,310.5,Uncertain Pestilence,Uncertain,No description
CnQingE,1665,1665,121.24963600000001,37.467374,7.8,Pestilence,Heavy,No description
CnQingE,1665,1665,117.11300800000001,26.862021999999996,310.5,Pestilence,Heavy,No description
CnQingE,1665,1665,112.03436699999999,32.681389,113.4,Pestilence,No description,No description
CnQingE,1666,1666,116.185721,24.362739,371.2,Pestilence,No description,No description
CnQingE,1667,1667,120.745383,29.582772,157.9,Pestilence,Heavy,No description
CnQingE,1667,1667,108.102801,35.566968,1149.6,Pestilence,Uncertain,No description
CnQingE,1668,1669,114.78921799999999,38.896392,253.2,Pestilence,Heavy,No description
CnQingE,1668,1668,114.346579,37.311467,186.9,Pestilence,Heavy,No description
CnQingE,1669,1670,114.994134,27.849249,65.0,Dysentery,Uncertain,No description
CnQingE,1669,1669,111.80981100000001,35.216396,570.6,Pestilence,Heavy,No description
CnQingE,1669,1670,115.231629,27.182999,49.2,Pestilence,Heavy,No description
CnQingE,1669,1669,112.42083500000001,26.36119,103.2,Pestilence,Heavy,No description
CnQingE,1669,1669,114.994134,27.849249,65.0,Pestilence,Uncertain,No description
CnQingE,1670,1670,112.75974,32.089828000000004,139.7,Pestilence,Heavy,No description
CnQingE,1670,1670,113.940302,35.026845,77.4,Pestilence,No description,No description
CnQingE,1671,1671,114.846933,28.197387,75.9,Dysentery,Uncertain,No description
CnQingE,1671,1671,119.188204,32.388233,16.0,Pestilence,Heavy,No description
CnQingE,1671,1671,119.442397,33.221142,0.5,Pestilence,Heavy,No description
CnQingE,1671,1671,120.119623,30.234656,24.1,Pestilence,Heavy,No description
CnQingE,1671,1671,113.800877,31.677651,120.1,Pestilence,Heavy,No description
CnQingE,1671,1671,112.75974,32.089828000000004,139.7,Pestilence,Heavy,No description
CnQingE,1671,1671,114.846933,28.197387,75.9,Pestilence,Uncertain,No description
CnQingE,1671,1671,120.553937,32.784224,2.0,Pestilence,Uncertain,No description
CnQingE,1671,1671,119.707641,28.766647999999996,727.9,Pestilence,Uncertain,No description
CnQingE,1671,1671,115.231629,27.182999,49.2,Pestilence,Uncertain,No description
CnQingE,1671,1671,115.231629,27.182999,49.2,Pestilence,Uncertain,No description
CnQingE,1672,1672,115.61966699999999,29.400579999999998,137.2,Dysentery,Uncertain,No description
CnQingE,1672,1672,116.908823,28.320905,29.9,Pestilence,Heavy,No description
CnQingE,1672,1672,117.001896,28.701713,174.5,Pestilence,Heavy,No description
CnQingE,1672,1672,119.83407700000001,28.440495000000002,58.0,Pestilence,Uncertain,No description
CnQingE,1672,1672,117.024295,27.743496,259.7,Pestilence,Uncertain,No description
CnQingE,1673,1673,118.024299,36.986652,12.7,Miasm,Uncertain,No description
CnQingE,1673,1673,114.395196,33.300271,48.1,Pestilence,Heavy,No description
CnQingE,1674,1674,109.061702,33.377455,930.8,Pestilence,Uncertain,No description
CnQingE,1674,1674,118.921746,33.658644,11.3,Pestilence,Uncertain,No description
CnQingE,1675,1677,118.884879,29.608818,195.8,Pestilence,Heavy,No description
CnQingE,1675,1675,119.83407700000001,28.440495000000002,58.0,Pestilence,Heavy,No description
CnQingE,1675,1675,119.367906,29.483860999999997,144.4,Pestilence,Uncertain,No description
CnQingE,1675,1675,119.367906,29.483860999999997,144.4,Pestilence,Uncertain,No description
CnQingE,1676,1676,114.697842,25.827402,141.5,Pestilence,Heavy,No description
CnQingE,1676,1676,103.026385,29.925596999999996,654.9,Pestilence,Heavy,No description
CnQingE,1676,1676,106.897672,27.702516999999997,860.1,Pestilence,Heavy,No description
CnQingE,1676,1676,109.15396000000001,27.671839000000002,294.6,Pestilence,Heavy,No description
CnQingE,1677,1677,109.966908,33.423271,1096.1,Pestilence,Heavy,No description
CnQingE,1677,1677,121.08311699999999,31.126945000000003,4.8,Pestilence,Heavy,No description
CnQingE,1677,1677,118.884879,29.608818,195.8,Pestilence,Heavy,No description
CnQingE,1677,1677,119.186976,28.988432,59.4,Pestilence,Heavy,No description
CnQingE,1677,1677,117.468772,27.232468,514.5,Pestilence,Heavy,No description
CnQingE,1677,1677,121.736145,31.023521999999996,4.6,Pestilence,Uncertain,No description
CnQingE,1677,1677,121.63616100000002,31.230935,5.0,Pestilence,Uncertain,No description
CnQingE,1677,1677,121.54983700000001,30.915938,4.1,Pestilence,Uncertain,No description
CnQingE,1677,1677,120.896588,30.899904,4.8,Pestilence,Uncertain,No description
CnQingE,1677,1677,117.342699,27.652942,307.3,Pestilence,Uncertain,No description
CnQingE,1677,1677,112.404643,32.551413000000004,90.1,Pestilence,Uncertain,No description
CnQingE,1678,1678,121.54983700000001,30.915938,4.1,Pestilence,Heavy,No description
CnQingE,1678,1678,118.824123,32.118003,27.0,Pestilence,Heavy,No description
CnQingE,1678,1678,118.824123,32.118003,27.0,Pestilence,Heavy,No description
CnQingE,1678,1678,120.896588,30.899904,4.8,Pestilence,Heavy,No description
CnQingE,1678,1678,114.299273,32.923312,53.6,Pestilence,Heavy,No description
CnQingE,1678,1678,114.395196,33.300271,48.1,Pestilence,Heavy,No description
CnQingE,1678,1678,112.03436699999999,32.681389,113.4,Pestilence,Heavy,No description
CnQingE,1678,1678,109.980728,22.684493,139.9,Pestilence,Heavy,No description
CnQingE,1678,1679,113.65598100000001,34.782404,100.7,Pestilence,Heavy,No description
CnQingE,1678,1679,113.65598100000001,34.782404,100.7,Pestilence,Heavy,No description
CnQingE,1678,1678,112.49636699999999,37.8367,806.1,Pestilence,No description,No description
CnQingE,1678,1678,104.455694,31.235358,623.2,Pestilence,No description,No description
CnQingE,1678,1678,112.49636699999999,37.8367,806.1,Pestilence,Uncertain,No description
CnQingE,1678,1678,112.49636699999999,37.8367,806.1,Pestilence,Uncertain,No description
CnQingE,1678,1678,118.05561000000002,36.643938,185.0,Pestilence,Uncertain,No description
CnQingE,1678,1678,120.74689,30.74445,7.0,Pestilence,Uncertain,No description
CnQingE,1678,1678,113.911405,33.369256,66.8,Pestilence,Uncertain,No description
CnQingE,1678,1678,111.83460500000001,33.223129,214.1,Pestilence,Uncertain,No description
CnQingE,1678,1678,112.25062199999999,30.886678999999997,92.1,Pestilence,Uncertain,No description
CnQingE,1679,1679,118.67533600000002,40.031695,54.3,Pestilence,Heavy,No description
CnQingE,1679,1679,118.975431,39.911349,100.0,Pestilence,Heavy,No description
CnQingE,1679,1679,113.882888,27.626653000000005,109.9,Pestilence,Heavy,No description
CnQingE,1679,1679,114.877995,33.272712,38.0,Pestilence,Heavy,No description
CnQingE,1679,1679,103.772726,24.512778,1704.0,Pestilence,Heavy,No description
CnQingE,1679,1679,109.980728,22.684493,139.9,Pestilence,No description,No description
CnQingE,1679,1679,115.573802,37.948909,24.5,Pestilence,Uncertain,No description
CnQingE,1679,1679,121.212828,31.011963,6.6,Pestilence,Uncertain,No description
CnQingE,1679,1680,119.96215500000001,31.776182000000002,7.4,Pestilence,Uncertain,No description
CnQingE,1679,1679,111.83460500000001,33.223129,214.1,Pestilence,Uncertain,No description
CnQingE,1679,1679,111.83460500000001,33.223129,214.1,Pestilence,Uncertain,No description
CnQingE,1680,1680,116.72401,39.799723,20.5,Pestilence,Heavy,No description
CnQingE,1680,1680,114.15319299999999,40.395202000000005,1340.2,Pestilence,Heavy,No description
CnQingE,1680,1680,113.036799,39.080475,871.7,Pestilence,Heavy,No description
CnQingE,1680,1680,121.08311699999999,31.126945000000003,4.8,Pestilence,Heavy,No description
CnQingE,1680,1680,121.25135300000001,31.353075,5.7,Pestilence,Heavy,No description
CnQingE,1680,1680,121.496292,31.406519,7.0,Pestilence,Heavy,No description
CnQingE,1680,1680,121.514319,31.653919000000002,3.3,Pestilence,Heavy,No description
CnQingE,1680,1680,120.397516,31.224484999999998,22.3,Pestilence,Heavy,No description
CnQingE,1680,1681,120.33599199999999,31.567521999999997,7.1,Pestilence,Heavy,No description
CnQingE,1680,1680,118.96127299999999,32.716928,8.1,Pestilence,Heavy,No description
CnQingE,1680,1680,113.42671299999999,34.510027,234.2,Pestilence,Heavy,No description
CnQingE,1680,1680,109.79898,26.913636999999998,552.3,Pestilence,Heavy,No description
CnQingE,1680,1680,109.576175,26.545371999999997,380.8,Pestilence,Heavy,No description
CnQingE,1680,1680,110.699448,21.440841,1.4,Pestilence,Heavy,No description
CnQingE,1680,1680,110.40287,25.376120999999998,272.5,Pestilence,Heavy,No description
CnQingE,1680,1681,114.489139,40.55092,1010.4,Pestilence,Uncertain,No description
CnQingE,1680,1681,114.197763,39.375898,1548.9,Pestilence,Uncertain,No description
CnQingE,1680,1680,121.514319,31.653919000000002,3.3,Pestilence,Uncertain,No description
CnQingE,1680,1680,119.027201,31.595081,77.5,Pestilence,Uncertain,No description
CnQingE,1680,1680,114.299273,32.923312,53.6,Pestilence,Uncertain,No description
CnQingE,1680,1683,109.711927,19.801371,81.0,Pestilence,Uncertain,No description
CnQingE,1681,1681,112.665098,38.153773,1017.3,Pestilence,Heavy,No description
CnQingE,1681,1681,112.3723,37.583745,761.6,Pestilence,Heavy,No description
CnQingE,1681,1681,117.700673,28.107484999999997,165.4,Pestilence,Heavy,No description
CnQingE,1681,1681,112.442002,24.932152,382.5,Pestilence,Heavy,No description
CnQingE,1681,1681,112.442002,24.932152,382.5,Pestilence,Heavy,No description
CnQingE,1681,1681,109.261435,24.205451999999998,161.0,Pestilence,Heavy,No description
CnQingE,1681,1681,109.261435,24.205451999999998,161.0,Pestilence,Heavy,No description
CnQingE,1681,1681,109.261435,24.205451999999998,161.0,Pestilence,Heavy,No description
CnQingE,1681,1681,103.469749,28.772403000000004,1316.3,Pestilence,Heavy,No description
CnQingE,1681,1681,107.48024299999999,27.755353000000003,866.7,Pestilence,Heavy,No description
CnQingE,1681,1681,109.250795,26.920053000000003,364.2,Pestilence,Heavy,No description
CnQingE,1681,1681,107.48111399999999,26.775017,1029.1,Pestilence,Heavy,No description
CnQingE,1681,1681,114.197763,39.375898,1548.9,Pestilence,No description,No description
CnQingE,1681,1681,112.49636699999999,37.8367,806.1,Pestilence,Uncertain,No description
CnQingE,1681,1681,112.49636699999999,37.8367,806.1,Pestilence,Uncertain,No description
CnQingE,1681,1681,116.242079,30.102870000000003,21.0,Pestilence,Uncertain,No description
CnQingE,1681,1681,114.32198700000001,28.208046000000003,221.6,Pestilence,Uncertain,No description
CnQingE,1681,1681,120.20855900000001,23.002645,17.2,Pestilence,Uncertain,No description
CnQingE,1681,1681,120.30143500000001,22.627278,9.5,Pestilence,Uncertain,No description
CnQingE,1681,1681,113.42671299999999,34.510027,234.2,Pestilence,Uncertain,No description
CnQingE,1681,1681,113.379049,30.290531,25.6,Pestilence,Uncertain,No description
CnQingE,1681,1681,110.699448,21.440841,1.4,Pestilence,Uncertain,No description
CnQingE,1682,1682,108.63347900000001,23.520022,151.5,Pestilence,Heavy,No description
CnQingE,1682,1682,108.930351,23.165160999999998,101.1,Pestilence,Heavy,No description
CnQingE,1682,1682,105.901831,28.488658,270.8,Pestilence,Heavy,No description
CnQingE,1682,1682,105.901831,28.488658,270.8,Pestilence,Heavy,No description
CnQingE,1682,1682,103.772726,24.512778,1704.0,Pestilence,Heavy,No description
CnQingE,1682,1683,105.460374,28.094372999999997,671.8,Pestilence,No description,No description
CnQingE,1682,1682,105.198178,25.839585999999997,1440.4,Pestilence,No description,No description
CnQingE,1682,1682,113.019823,38.507659000000004,750.8,Pestilence,Uncertain,No description
CnQingE,1682,1682,119.83493,29.995611,307.7,Pestilence,Uncertain,No description
CnQingE,1682,1682,110.438593,19.807475,22.3,Pestilence,Uncertain,No description
CnQingE,1682,1682,109.983926,19.687555,52.9,Pestilence,Uncertain,No description
CnQingE,1682,1682,108.83948899999999,18.990469,224.4,Pestilence,Uncertain,No description
CnQingE,1683,1683,120.021305,30.371122999999997,19.2,Pestilence,Heavy,No description
CnQingE,1683,1683,120.357725,30.161039000000002,9.1,Pestilence,Heavy,No description
CnQingE,1683,1683,121.521584,29.782890000000002,4.6,Pestilence,Heavy,No description
CnQingE,1683,1683,121.32328500000001,30.179804999999998,7.3,Pestilence,Heavy,No description
CnQingE,1683,1683,118.040356,31.655540999999996,51.6,Pestilence,Heavy,No description
CnQingE,1683,1683,112.83188200000001,37.642125,866.1,Pestilence,No description,No description
CnQingE,1683,1683,105.198178,25.839585999999997,1440.4,Pestilence,No description,No description
CnQingE,1683,1683,105.198178,25.839585999999997,1440.4,Pestilence,No description,No description
CnQingE,1683,1683,118.05561000000002,36.643938,185.0,Pestilence,Uncertain,No description
CnQingE,1683,1683,120.56376100000001,29.955205,6.0,Pestilence,Uncertain,No description
CnQingE,1683,1683,113.911405,33.369256,66.8,Pestilence,Uncertain,No description
CnQingE,1683,1683,109.983926,19.687555,52.9,Pestilence,Uncertain,No description
CnQingE,1684,1684,105.116588,28.65575,366.5,Pestilence,Uncertain,No description
CnQingE,1685,1685,115.077955,37.982215000000004,44.0,Pestilence,Heavy,Uncertain
CnQingE,1685,1685,114.143479,34.385856,67.1,Malaria,Uncertain,No description
CnQingE,1685,1685,114.143479,34.385856,67.1,Malaria,Uncertain,No description
CnQingE,1685,1685,114.143479,34.385856,67.1,Dysentery,Uncertain,No description
CnQingE,1685,1685,119.14563700000001,36.328617,99.2,Pestilence,Heavy,No description
CnQingE,1685,1685,112.717394,33.748044,172.3,Pestilence,Heavy,No description
CnQingE,1685,1685,114.56773899999999,38.188576,74.8,Pestilence,Uncertain,No description
CnQingE,1685,1685,114.143479,34.385856,67.1,Pestilence,Uncertain,No description
CnQingE,1685,1685,114.143479,34.385856,67.1,Pestilence,Uncertain,No description
CnQingE,1685,1685,114.143479,34.385856,67.1,Pestilence,Uncertain,No description
CnQingE,1686,1686,117.391278,39.011594,2.7,Pestilence,Heavy,No description
CnQingE,1686,1686,109.219862,24.622711,152.7,Pestilence,Heavy,No description
CnQingE,1687,1687,121.49450800000001,31.339228000000002,6.1,Dysentery,Uncertain,No description
CnQingE,1687,1687,117.853489,31.254384,10.1,Pestilence,Heavy,No description
CnQingE,1688,1688,117.714789,31.646091,5.0,Pestilence,Heavy,No description
CnQingE,1689,1689,112.79715800000001,34.159442,208.5,Pestilence,Heavy,No description
CnQingE,1689,1689,112.920027,25.26662,204.6,Pestilence,No description,No description
CnQingE,1690,1690,110.45797900000001,22.524855,124.4,Pox,Uncertain,No description
CnQingE,1690,1690,118.473506,27.041753000000003,144.5,Pestilence,Heavy,No description
CnQingE,1690,1690,113.330049,33.546068,99.8,Pestilence,Heavy,No description
CnQingE,1690,1690,115.048022,40.547444,641.2,Pestilence,No description,No description
CnQingE,1690,1690,112.717394,33.748044,172.3,Pestilence,Uncertain,No description
CnQingE,1690,1690,112.79715800000001,34.159442,208.5,Pestilence,Uncertain,No description
CnQingE,1691,1692,108.108531,33.952152000000005,1589.8,Pestilence,Heavy,No description
CnQingE,1691,1691,114.63618500000001,36.760061,50.9,Pestilence,Uncertain,No description
CnQingE,1691,1691,111.512657,35.703082,486.1,Pestilence,Uncertain,No description
CnQingE,1691,1691,108.46873300000001,34.595411,749.5,Pestilence,Uncertain,No description
CnQingE,1691,1691,110.386921,35.571728,904.5,Pestilence,Uncertain,No description
CnQingE,1691,1691,110.386921,35.571728,904.5,Pestilence,Uncertain,No description
CnQingE,1691,1691,109.859922,33.893032,822.8,Pestilence,Uncertain,No description
CnQingE,1691,1692,110.261459,34.162538,1142.8,Pestilence,Uncertain,No description
CnQingE,1691,1692,107.60514099999999,33.360797,1064.3,Pestilence,Uncertain,No description
CnQingE,1691,1691,119.188204,32.388233,16.0,Pestilence,Uncertain,No description
CnQingE,1691,1691,114.48171799999999,32.540664,64.2,Pestilence,Uncertain,No description
CnQingE,1691,1691,112.527859,33.024811,129.3,Pestilence,Uncertain,No description
CnQingE,1691,1691,111.78953999999999,34.836361,740.4,Pestilence,Uncertain,No description
CnQingE,1691,1692,109.552872,34.552675,341.9,Pestilence,Uncertain,No description
CnQingE,1691,1692,109.552872,34.552675,341.9,Pestilence,Uncertain,No description
CnQingE,1692,1692,112.858822,35.467683,703.1,Pestilence,Heavy,No description
CnQingE,1692,1692,110.94896899999999,35.057559000000005,376.6,Pestilence,Heavy,No description
CnQingE,1692,1692,111.306619,35.370718,570.5,Pestilence,Heavy,No description
CnQingE,1692,1692,110.61193899999999,34.710097999999995,611.1,Pestilence,Heavy,No description
CnQingE,1692,1692,111.346478,35.121167,1187.1,Pestilence,Heavy,No description
CnQingE,1692,1692,111.23928500000001,34.885707000000004,590.0,Pestilence,Heavy,No description
CnQingE,1692,1692,108.46873300000001,34.595411,749.5,Pestilence,Heavy,No description
CnQingE,1692,1692,109.13764599999999,35.13948,973.6,Pestilence,Heavy,No description
CnQingE,1692,1692,107.423875,34.569691999999996,860.2,Pestilence,Heavy,No description
CnQingE,1692,1692,108.885276,32.811233,810.4,Pestilence,Heavy,No description
CnQingE,1692,1692,107.60514099999999,33.360797,1064.3,Pestilence,Heavy,No description
CnQingE,1692,1692,105.669523,35.429038,1715.9,Pestilence,Heavy,No description
CnQingE,1692,1692,117.56294199999999,37.597476,10.9,Pestilence,Heavy,No description
CnQingE,1692,1692,117.779725,37.931604,4.9,Pestilence,Heavy,No description
CnQingE,1692,1692,118.081139,37.760551,4.7,Pestilence,Heavy,No description
CnQingE,1692,1692,114.143479,34.385856,67.1,Pestilence,Heavy,No description
CnQingE,1692,1693,113.380395,35.04822,95.7,Pestilence,Heavy,No description
CnQingE,1692,1692,112.87491100000001,35.129806,125.5,Pestilence,Heavy,No description
CnQingE,1692,1692,113.350148,35.303807,140.9,Pestilence,Heavy,No description
CnQingE,1692,1692,113.846896,36.012215999999995,367.3,Pestilence,Heavy,No description
CnQingE,1692,1692,112.717394,33.748044,172.3,Pestilence,Heavy,No description
CnQingE,1692,1692,112.03436699999999,32.681389,113.4,Pestilence,Heavy,No description
CnQingE,1692,1692,111.83460500000001,33.223129,214.1,Pestilence,Heavy,No description
CnQingE,1692,1692,112.79715800000001,34.159442,208.5,Pestilence,Heavy,No description
CnQingE,1692,1692,112.028571,34.483696,316.5,Pestilence,Heavy,No description
CnQingE,1692,1692,111.49303799999998,34.341725,368.5,Pestilence,Heavy,No description
CnQingE,1692,1692,111.26463000000001,34.76703,520.6,Pestilence,Heavy,No description
CnQingE,1692,1692,110.61905700000001,32.078644,514.7,Pestilence,Heavy,No description
CnQingE,1692,1692,106.13456699999999,34.737282,1472.8,Pestilence,No description,No description
CnQingE,1692,1692,115.185699,37.076712,33.6,Pestilence,Uncertain,No description
CnQingE,1692,1692,112.36178100000001,35.750356,762.7,Pestilence,Uncertain,No description
CnQingE,1692,1692,111.15789199999999,35.627342999999996,445.0,Pestilence,Uncertain,No description
CnQingE,1692,1692,108.12628799999999,34.777843,1118.6,Pestilence,Uncertain,No description
CnQingE,1692,1692,109.22129699999999,34.875364000000005,512.7,Pestilence,Uncertain,No description
CnQingE,1692,1692,107.171765,34.763224,1089.6,Pestilence,Uncertain,No description
CnQingE,1692,1692,109.160293,36.921962,1414.8,Pestilence,Uncertain,No description
CnQingE,1692,1692,109.550168,35.740378,1157.0,Pestilence,Uncertain,No description
CnQingE,1692,1692,106.394524,33.898804,1152.3,Pestilence,Uncertain,No description
CnQingE,1692,1692,114.327734,34.829941999999996,72.6,Pestilence,Uncertain,No description
CnQingE,1692,1692,113.940302,35.026845,77.4,Pestilence,Uncertain,No description
CnQingE,1692,1692,112.54113100000001,32.967868,124.1,Pestilence,Uncertain,No description
CnQingE,1692,1692,112.54113100000001,32.967868,124.1,Pestilence,Uncertain,No description
CnQingE,1693,1693,110.61935700000001,35.145928000000005,511.8,Pestilence,Heavy,No description
CnQingE,1693,1693,116.889881,37.226715000000006,20.3,Pestilence,Heavy,No description
CnQingE,1693,1693,110.771634,34.434069,1027.2,Pestilence,Heavy,No description
CnQingE,1693,1693,110.13586200000002,33.044923,826.0,Pestilence,Heavy,No description
CnQingE,1693,1693,113.824642,34.045349,74.0,Pestilence,Uncertain,No description
CnQingE,1693,1693,114.024349,33.602869,61.0,Pestilence,Uncertain,No description
CnQingE,1694,1694,120.479444,30.605512,9.0,Pestilence,Heavy,No description
CnQingE,1694,1694,120.180205,30.784307000000002,2.1,Pestilence,Heavy,No description
CnQingE,1694,1694,115.61236299999999,30.011231,47.1,Pestilence,Heavy,No description
CnQingE,1694,1694,110.438593,19.807475,22.3,Pestilence,Uncertain,No description
CnQingE,1695,1696,111.71094099999999,23.558455,230.0,Pestilence,Uncertain,No description
CnQingE,1696,1697,116.62643100000001,23.71796,87.8,Pestilence,Heavy,No description
CnQingE,1696,1697,121.54983700000001,30.915938,4.1,Pestilence,Uncertain,No description
CnQingE,1696,1697,121.25135300000001,31.353075,5.7,Pestilence,Uncertain,No description
CnQingE,1696,1697,111.2995,37.541936,1162.3,Pestilence,Uncertain,No description
CnQingE,1697,1697,111.2995,37.541936,1162.3,Pestilence,Heavy,No description
CnQingE,1697,1698,118.842952,37.018886,7.7,Pestilence,Heavy,No description
CnQingE,1697,1698,118.91285,36.537723,132.6,Pestilence,Heavy,No description
CnQingE,1697,1697,111.740073,37.311278,882.9,Pestilence,Heavy- Multiple Times,No description
CnQingE,1697,1697,112.49636699999999,37.8367,806.1,Pestilence,Uncertain,No description
CnQingE,1697,1697,112.49636699999999,37.8367,806.1,Pestilence,Uncertain,No description
CnQingE,1697,1697,121.212828,31.011963,6.6,Pestilence,Uncertain,No description
CnQingE,1697,1697,121.08311699999999,31.126945000000003,4.8,Pestilence,Uncertain,No description
CnQingE,1698,1698,111.824898,35.697788,873.8,Pestilence,Heavy,No description
CnQingE,1698,1698,111.64610400000001,36.32054,456.7,Pestilence,Heavy,No description
CnQingE,1698,1698,111.89924099999999,35.949507000000004,997.6,Pestilence,Heavy,No description
CnQingE,1698,1698,117.605709,35.894811,162.9,Pestilence,Heavy,No description
CnQingE,1698,1698,112.49636699999999,37.8367,806.1,Pestilence,Uncertain,No description
CnQingE,1698,1698,111.17374199999999,37.256505,1404.8,Pestilence,Uncertain,No description
CnQingE,1698,1698,110.608911,36.731291,981.5,Pestilence,Uncertain,No description
CnQingE,1698,1698,118.842952,37.018886,7.7,Pestilence,Uncertain,No description
CnQingE,1698,1698,118.91285,36.537723,132.6,Pestilence,Uncertain,No description
CnQingE,1698,1698,116.740905,35.572562,43.3,Pestilence,Uncertain,No description
CnQingE,1698,1698,120.33599199999999,31.567521999999997,7.1,Pestilence,Uncertain,No description
CnQingE,1698,1698,114.351423,25.441629000000002,437.8,Pestilence,Uncertain,No description
CnQingE,1698,1698,114.351423,25.441629000000002,437.8,Pestilence,Uncertain,No description
CnQingE,1698,1698,109.219862,24.622711,152.7,Pestilence,Uncertain,No description
CnQingE,1699,1699,110.61905700000001,32.078644,514.7,Peculiar Epidemics,Heavy,No description
CnQingE,1699,1699,120.33599199999999,31.567521999999997,7.1,Pestilence,Uncertain,No description
CnQingE,1700,1700,110.58637,25.602991,221.5,Pestilence,Heavy,No description
CnQingE,1700,1700,103.772726,24.512778,1704.0,Pestilence,Uncertain,No description
CnQingE,1702,1702,112.858822,35.467683,703.1,Peculiar Epidemics,Uncertain,No description
CnQingE,1702,1702,112.087422,24.507915,363.9,Pestilence,Heavy,No description
CnQingE,1702,1703,116.740905,35.572562,43.3,Pestilence,Heavy- Multiple Times,No description
CnQingE,1702,1702,112.442002,24.932152,382.5,Pestilence,No description,No description
CnQingE,1702,1702,117.113426,36.607995,311.9,Pestilence,Uncertain,No description
CnQingE,1702,1702,117.113426,36.607995,311.9,Pestilence,Uncertain,No description
CnQingE,1702,1702,108.250418,23.252757,174.8,Pestilence,Uncertain,No description
CnQingE,1703,1703,117.113426,36.607995,311.9,Pestilence,Heavy,No description
CnQingE,1703,1703,117.113426,36.607995,311.9,Pestilence,Heavy,No description
CnQingE,1703,1704,114.893082,26.741134999999996,77.3,Pestilence,Heavy,No description
CnQingE,1703,1703,116.80721899999999,25.598784,594.0,Pestilence,Heavy,No description
CnQingE,1703,1703,114.932046,32.779621,38.9,Pestilence,Heavy,No description
CnQingE,1703,1703,113.89538799999998,33.149775,72.1,Pestilence,Heavy,No description
CnQingE,1703,1703,111.23938799999999,25.193548999999997,277.6,Pestilence,Heavy,No description
CnQingE,1703,1703,110.438593,19.807475,22.3,Pestilence,Heavy,No description
CnQingE,1703,1703,117.113426,36.607995,311.9,Pestilence,Heavy- Multiple Times,No description
CnQingE,1703,1703,122.000076,37.165634000000004,40.3,Pestilence,Heavy- Multiple Times,No description
CnQingE,1703,1703,121.10073700000001,36.856658,213.1,Pestilence,Heavy- Multiple Times,No description
CnQingE,1703,1703,122.382112,37.147566999999995,40.7,Pestilence,Heavy- Multiple Times,No description
CnQingE,1703,1703,113.377292,22.519410999999998,12.3,Pestilence,Uncertain,No description
CnQingE,1703,1703,109.936734,18.568075,35.5,Pestilence,Uncertain,No description
CnQingE,1703,1703,110.40287,25.376120999999998,272.5,Pestilence,Uncertain,No description
CnQingE,1704,1704,116.572666,38.660989,4.8,Pestilence,Heavy,No description
CnQingE,1704,1704,116.25938400000001,38.478592,9.5,Pestilence,Heavy,No description
CnQingE,1704,1704,116.835172,38.560407,9.4,Pestilence,Heavy,No description
CnQingE,1704,1704,116.162124,38.235640000000004,12.7,Pestilence,Heavy,No description
CnQingE,1704,1704,116.186178,37.660684,17.1,Pestilence,Heavy,No description
CnQingE,1704,1704,114.63618500000001,36.760061,50.9,Pestilence,Heavy,No description
CnQingE,1704,1704,116.889881,37.226715000000006,20.3,Pestilence,Heavy,No description
CnQingE,1704,1704,118.219272,37.18507,5.8,Pestilence,Heavy,No description
CnQingE,1704,1704,117.833896,37.166847,10.0,Pestilence,Heavy,No description
CnQingE,1704,1704,118.521082,37.143389,6.0,Pestilence,Heavy,No description
CnQingE,1704,1704,119.94951100000002,36.238659999999996,88.0,Pestilence,Heavy,No description
CnQingE,1704,1704,119.694363,36.38105,13.0,Pestilence,Heavy,No description
CnQingE,1704,1704,119.942679,36.782432,51.5,Pestilence,Heavy,No description
CnQingE,1704,1704,121.24963600000001,37.467374,7.8,Pestilence,Heavy,No description
CnQingE,1704,1704,122.11456799999999,37.43278,41.6,Pestilence,Heavy,No description
CnQingE,1704,1704,117.468296,36.733211,72.2,Pestilence,Heavy,No description
CnQingE,1704,1704,115.52881399999998,36.529058,39.0,Pestilence,Heavy,No description
CnQingE,1704,1704,115.970142,37.348956,28.4,Pestilence,No description,No description
CnQingE,1704,1704,115.240925,36.301099,46.2,Pestilence,No description,No description
CnQingE,1704,1704,115.457071,35.281923,53.5,Pestilence,No description,No description
CnQingE,1704,1704,115.24256000000001,36.091722,46.9,Pestilence,No description,No description
CnQingE,1704,1704,115.970142,37.348956,28.4,Pestilence,Uncertain,No description
CnQingE,1704,1704,116.081526,37.234976,25.0,Pestilence,Uncertain,No description
CnQingE,1704,1704,118.91285,36.537723,132.6,Pestilence,Uncertain,No description
CnQingE,1704,1704,119.9914,37.184422999999995,110.3,Pestilence,Uncertain,No description
CnQingE,1704,1704,120.50741699999999,36.480518,60.4,Pestilence,Uncertain,No description
CnQingE,1704,1704,122.000076,37.165634000000004,40.3,Pestilence,Uncertain,No description
CnQingE,1704,1704,116.740905,35.572562,43.3,Pestilence,Uncertain,No description
CnQingE,1704,1704,116.897453,34.699891,38.3,Pestilence,Uncertain,No description
CnQingE,1704,1704,115.529159,35.801377,49.5,Pestilence,Uncertain,No description
CnQingE,1704,1704,114.807674,35.895753000000006,55.0,Pestilence,Uncertain,No description
CnQingE,1705,1705,113.47551599999998,27.170459,137.0,Uncertain Pestilence,Uncertain,No description
CnQingE,1705,1706,113.379049,30.290531,25.6,Pestilence,Heavy,No description
CnQingE,1705,1705,110.465015,29.159187,179.1,Pestilence,Heavy,No description
CnQingE,1705,1705,111.701489,29.745372999999997,44.2,Pestilence,Heavy,No description
CnQingE,1705,1706,114.054103,29.458803000000003,85.7,Pestilence,Uncertain,No description
CnQingE,1706,1706,111.701489,29.745372999999997,44.2,Pox,Heavy,No description
CnQingE,1706,1706,113.84158799999999,29.225762,108.7,Pestilence,Heavy,No description
CnQingE,1706,1706,113.877453,29.739825,39.6,Pestilence,Heavy,No description
CnQingE,1706,1706,113.379049,30.290531,25.6,Pestilence,Heavy,No description
CnQingE,1706,1706,110.61905700000001,32.078644,514.7,Pestilence,Heavy,No description
CnQingE,1706,1706,113.18244399999999,29.444069,24.0,Pestilence,Heavy,No description
CnQingE,1706,1706,112.401776,27.084921,88.1,Pestilence,Heavy,No description
CnQingE,1706,1706,112.153296,29.443949,33.0,Pestilence,Heavy,No description
CnQingE,1706,1707,112.572861,31.241273,46.4,Pestilence,No description,No description
CnQingE,1706,1706,113.115321,30.646001000000002,29.1,Pestilence,Uncertain,No description
CnQingE,1706,1707,110.465015,29.159187,179.1,Pestilence,Uncertain,No description
CnQingE,1707,1707,111.701489,29.745372999999997,44.2,Pox,Heavy,No description
CnQingE,1707,1707,121.496292,31.406519,7.0,Dysentery,Heavy,No description
CnQingE,1707,1707,118.273423,30.892843,24.0,Pestilence,Heavy,No description
CnQingE,1707,1708,116.80721899999999,25.598784,594.0,Pestilence,Heavy,No description
CnQingE,1707,1707,112.143924,29.95283,34.0,Pestilence,Heavy,No description
CnQingE,1707,1707,109.046048,25.334807,354.2,Pestilence,Heavy,No description
CnQingE,1707,1707,110.05831200000002,25.297679000000002,175.4,Pestilence,Heavy,No description
CnQingE,1707,1707,113.379049,30.290531,25.6,Pestilence,Uncertain,No description
CnQingE,1707,1707,112.99536100000002,28.170764000000002,77.6,Pestilence,Uncertain,No description
CnQingE,1707,1707,112.153296,29.443949,33.0,Pestilence,Uncertain,No description
CnQingE,1707,1707,108.81050900000001,24.900026,924.5,Pestilence,Uncertain,No description
CnQingE,1707,1707,110.78396699999999,24.550608999999998,378.3,Pestilence,Uncertain,No description
CnQingE,1707,1707,110.549079,24.13073,328.3,Pestilence,Uncertain,No description
CnQingE,1708,1710,118.98730900000001,30.498788,193.3,Pestilence,Heavy,No description
CnQingE,1708,1708,102.66928100000001,37.877802,1586.5,Pestilence,Heavy,No description
CnQingE,1708,1708,118.523523,32.032503999999996,48.9,Pestilence,Heavy,No description
CnQingE,1708,1708,118.135085,30.155219,1398.6,Pestilence,Heavy,No description
CnQingE,1708,1708,115.00961699999999,29.26248,91.3,Pestilence,Heavy,No description
CnQingE,1708,1708,112.143924,29.95283,34.0,Pestilence,Heavy,No description
CnQingE,1708,1708,111.011298,25.929613,208.3,Pestilence,Heavy,No description
CnQingE,1708,1708,117.853489,31.254384,10.1,Pestilence,Heavy,No description
CnQingE,1708,1709,117.853489,31.254384,10.1,Pestilence,No description,No description
CnQingE,1708,1709,117.853489,31.254384,10.1,Pestilence,No description,No description
CnQingE,1708,1709,118.654494,30.157804,270.3,Pestilence,No description,No description
CnQingE,1708,1708,119.54930800000001,25.909991,3.6,Pestilence,No description,No description
CnQingE,1708,1708,112.64018,36.701547999999995,985.7,Pestilence,Uncertain,No description
CnQingE,1708,1709,118.98730900000001,30.498788,193.3,Pestilence,Uncertain,No description
CnQingE,1708,1709,117.495515,30.508803000000004,99.5,Pestilence,Uncertain,No description
CnQingE,1708,1708,117.53447299999999,30.197167999999998,282.3,Pestilence,Uncertain,No description
CnQingE,1708,1708,119.05728799999999,25.445707000000002,3.5,Pestilence,Uncertain,No description
CnQingE,1708,1708,118.61368700000001,25.074978,80.2,Pestilence,Uncertain,No description
CnQingE,1708,1708,118.547427,24.728931,41.3,Pestilence,Uncertain,No description
CnQingE,1708,1708,118.81403700000001,25.046039,7.6,Pestilence,Uncertain,No description
CnQingE,1708,1708,113.877453,29.739825,39.6,Pestilence,Uncertain,No description
CnQingE,1708,1708,110.40287,25.376120999999998,272.5,Pestilence,Uncertain,No description
CnQingE,1708,1709,120.896588,30.899904,4.8,Pestilence,Uncertain,No description
CnQingE,1709,1709,121.25135300000001,31.353075,5.7,Pestilence,Heavy,No description
CnQingE,1709,1709,119.370599,31.423776,7.8,Pestilence,Heavy,No description
CnQingE,1709,1709,121.843877,29.376544,514.2,Pestilence,Heavy,No description
CnQingE,1709,1709,118.040356,31.655540999999996,51.6,Pestilence,Heavy,No description
CnQingE,1709,1709,118.28158,31.710054,7.2,Pestilence,Heavy,No description
CnQingE,1709,1709,117.853489,31.254384,10.1,Pestilence,Heavy,No description
CnQingE,1709,1709,117.12265,30.582931,13.8,Pestilence,Heavy,No description
CnQingE,1709,1709,116.170244,30.493942999999998,89.0,Pestilence,Heavy,No description
CnQingE,1709,1709,116.538547,30.75048,136.1,Pestilence,Heavy,No description
CnQingE,1709,1709,118.627269,31.498771,8.3,Pestilence,Heavy,No description
CnQingE,1709,1709,118.518423,31.187851000000002,6.0,Pestilence,Heavy,No description
CnQingE,1709,1709,118.361506,30.594843,78.9,Pestilence,Heavy,No description
CnQingE,1709,1709,118.654494,30.157804,270.3,Pestilence,Heavy,No description
CnQingE,1709,1709,117.495515,30.508803000000004,99.5,Pestilence,Heavy,No description
CnQingE,1709,1709,116.992333,30.026531,36.3,Pestilence,Heavy,No description
CnQingE,1709,1709,113.379204,34.195892,144.3,Pestilence,Heavy,No description
CnQingE,1709,1709,121.08311699999999,31.126945000000003,4.8,Pestilence,No description,No description
CnQingE,1709,1709,117.903632,30.948407,26.5,Pestilence,No description,No description
CnQingE,1709,1709,116.27786599999999,29.664389,32.8,Pestilence,No description,No description
CnQingE,1709,1709,114.12663899999998,24.06765,514.3,Pestilence,No description,No description
CnQingE,1709,1709,118.78491899999999,30.939445000000003,11.1,Pestilence,Uncertain,No description
CnQingE,1709,1709,119.28056399999998,33.503341,4.0,Pestilence,Uncertain,No description
CnQingE,1709,1709,120.180205,30.784307000000002,2.1,Pestilence,Uncertain,No description
CnQingE,1709,1709,120.180205,30.784307000000002,2.1,Pestilence,Uncertain,No description
CnQingE,1709,1709,118.547427,24.728931,41.3,Pestilence,Uncertain,No description
CnQingE,1709,1709,113.721849,34.454104,138.0,Pestilence,Uncertain,No description
CnQingE,1710,1710,110.61905700000001,32.078644,514.7,Pox,Uncertain,No description
CnQingE,1710,1710,114.75516100000002,34.503741,62.5,Pestilence,Heavy,No description
CnQingE,1710,1710,114.840176,34.093848,54.0,Pestilence,Heavy,No description
CnQingE,1710,1710,115.150405,32.128014,51.0,Pestilence,Heavy,No description
CnQingE,1710,1710,120.180205,30.784307000000002,2.1,Pestilence,Uncertain,No description
CnQingE,1710,1710,117.032343,33.032084999999995,17.0,Pestilence,Uncertain,No description
CnQingE,1710,1710,115.292203,34.110559,45.4,Pestilence,Uncertain,No description
CnQingE,1710,1710,114.462506,33.787811,55.1,Pestilence,Uncertain,No description
CnQingE,1710,1710,114.877995,33.272712,38.0,Pestilence,Uncertain,No description
CnQingE,1711,1712,113.000805,33.296358000000005,163.4,Pox,Uncertain,No description
CnQingE,1712,1712,110.699448,21.440841,1.4,Malaria,Uncertain,No description
CnQingE,1712,1712,110.699448,21.440841,1.4,Pestilence,Uncertain,No description
CnQingE,1712,1712,112.166876,23.969216,79.9,Pestilence,Uncertain,No description
CnQingE,1713,1713,110.262212,22.247404,101.7,Pox,Heavy,No description
CnQingE,1713,1714,112.431476,23.672957999999998,107.8,Pestilence,Heavy,No description
CnQingE,1713,1713,103.86460699999999,25.638558,1966.5,Pestilence,Heavy,No description
CnQingE,1713,1713,102.997888,25.315,1958.5,Pestilence,Heavy,No description
CnQingE,1713,1713,103.772726,24.512778,1704.0,Pestilence,Heavy,No description
CnQingE,1713,1714,102.934831,24.673356,1763.1,Pestilence,No description,No description
CnQingE,1713,1714,102.490561,24.367589000000002,1685.7,Pestilence,No description,No description
CnQingE,1713,1713,113.956584,32.763713,176.1,Pestilence,Uncertain,No description
CnQingE,1713,1713,109.345547,21.699334,45.9,Pestilence,Uncertain,No description
CnQingE,1713,1713,109.345547,21.699334,45.9,Pestilence,Uncertain,No description
CnQingE,1713,1713,102.574867,24.610875,1977.9,Pestilence,Uncertain,No description
CnQingE,1714,1714,112.028649,21.916733999999998,4.0,Pestilence,Heavy,No description
CnQingE,1714,1714,112.028649,21.916733999999998,4.0,Pestilence,Heavy,No description
CnQingE,1714,1714,113.377292,22.519410999999998,12.3,Pestilence,No description,No description
CnQingE,1714,1714,112.166876,23.969216,79.9,Pestilence,No description,No description
CnQingE,1714,1714,103.119198,25.662995000000002,2264.1,Pestilence,Uncertain,No description
CnQingE,1715,1715,104.338963,24.977843,1565.3,Pestilence,Uncertain,No description
CnQingE,1716,1716,118.242298,26.586157,147.2,Pestilence,Heavy,No description
CnQingE,1717,1717,120.97233600000001,29.145718,65.9,Pestilence,No description,No description
CnQingE,1718,1718,116.81291200000001,24.754797,603.2,Pestilence,Heavy,No description
CnQingE,1718,1718,115.61236299999999,30.011231,47.1,Pestilence,Heavy,No description
CnQingE,1718,1718,112.401776,27.084921,88.1,Pestilence,Uncertain,No description
CnQingE,1718,1718,106.709277,31.158585,358.7,Pestilence,Uncertain,No description
CnQingE,1720,1720,116.80721899999999,25.598784,594.0,Pestilence,Heavy,No description
CnQingE,1720,1720,109.22129699999999,34.875364000000005,512.7,Pestilence,Uncertain,No description
CnQingE,1720,1720,110.182781,36.06608,915.2,Pestilence,Uncertain,No description
CnQingE,1720,1720,110.128748,36.538574,808.3,Pestilence,Uncertain,No description
CnQingE,1721,1721,110.361851,38.071727,1022.9,Pestilence,Heavy,No description
CnQingE,1721,1721,105.687125,27.225696999999997,1688.0,Pestilence,No description,No description
CnQingE,1721,1721,110.182781,36.06608,915.2,Pestilence,Uncertain,No description
CnQingE,1721,1721,110.279137,37.180223,995.2,Pestilence,Uncertain,No description
CnQingE,1722,1722,119.05728799999999,25.445707000000002,3.5,Pestilence,Heavy,No description
CnQingE,1722,1722,120.74689,30.74445,7.0,Pestilence,No description,No description
CnQingE,1722,1722,120.896588,30.899904,4.8,Pestilence,No description,No description
CnQingE,1722,1722,120.479444,30.605512,9.0,Pestilence,No description,No description
CnQingE,1722,1722,111.986278,37.01979,889.0,Pestilence,Uncertain,No description
CnQingE,1723,1723,114.414055,37.799363,98.6,Pestilence,Heavy,No description
CnQingE,1723,1723,113.380395,35.04822,95.7,Pestilence,Heavy,No description
CnQingE,1723,1723,113.350148,35.303807,140.9,Pestilence,Heavy,No description
CnQingE,1723,1723,112.717394,33.748044,172.3,Pestilence,Heavy,No description
CnQingE,1723,1723,112.79715800000001,34.159442,208.5,Pestilence,Heavy,No description
CnQingE,1723,1723,113.95021399999999,33.83907,59.0,Pestilence,No description,No description
CnQingE,1723,1723,114.472757,37.051396000000004,80.1,Pestilence,Uncertain,No description
CnQingE,1723,1723,114.99516200000001,37.046298,33.0,Pestilence,Uncertain,No description
CnQingE,1723,1723,117.662259,36.945603000000006,13.0,Pestilence,Uncertain,No description
CnQingE,1723,1723,113.642265,35.195744,80.0,Pestilence,Uncertain,No description
CnQingE,1723,1723,114.457776,35.907545,65.0,Pestilence,Uncertain,No description
CnQingE,1723,1723,113.379204,34.195892,144.3,Pestilence,Uncertain,No description
CnQingE,1724,1724,117.779725,37.931604,4.9,Pestilence,Heavy,No description
CnQingE,1724,1724,118.081139,37.760551,4.7,Pestilence,Heavy,No description
CnQingE,1724,1724,117.56294199999999,37.597476,10.9,Pestilence,Uncertain,No description
CnQingE,1725,1725,113.877453,29.739825,39.6,Dysentery,Uncertain,No description
CnQingE,1725,1725,114.77882,37.360085,34.1,Pestilence,No description,No description
CnQingE,1725,1725,110.130812,21.642227,43.3,Pestilence,No description,No description
CnQingE,1725,1725,118.81403700000001,25.046039,7.6,Pestilence,Uncertain,No description
CnQingE,1726,1726,114.414055,37.799363,98.6,Pestilence,Heavy,No description
CnQingE,1726,1726,116.69979599999999,39.42201,16.8,Pestilence,Uncertain,No description
CnQingE,1726,1726,116.572666,38.660989,4.8,Pestilence,Uncertain,No description
CnQingE,1726,1726,116.162124,38.235640000000004,12.7,Pestilence,Uncertain,No description
CnQingE,1726,1726,111.512657,35.703082,486.1,Pestilence,Uncertain,No description
CnQingE,1726,1726,121.54983700000001,30.915938,4.1,Pestilence,Uncertain,No description
CnQingE,1726,1727,117.12114299999999,23.868554999999997,394.5,Pestilence,Uncertain,No description
CnQingE,1726,1726,117.38886000000001,26.729082000000002,398.1,Pestilence,Uncertain,No description
CnQingE,1726,1726,116.18484099999999,24.670996,222.5,Pestilence,Uncertain,No description
CnQingE,1726,1726,116.651049,24.340841,222.4,Pestilence,Uncertain,No description
CnQingE,1726,1726,116.347494,23.591034,18.2,Pestilence,Uncertain,No description
CnQingE,1726,1727,111.011298,25.929613,208.3,Pestilence,Uncertain,No description
CnQingE,1727,1728,120.397516,31.224484999999998,22.3,Pox,Heavy,No description
CnQingE,1727,1727,112.83188200000001,37.642125,866.1,Pestilence,Heavy,No description
CnQingE,1727,1727,113.758619,37.842884999999995,756.6,Pestilence,Heavy,No description
CnQingE,1727,1727,119.55731899999999,26.297515999999998,401.6,Pestilence,Heavy,No description
CnQingE,1727,1727,118.23806,26.145263,286.4,Pestilence,Heavy,No description
CnQingE,1727,1727,115.695722,32.131846,38.4,Pestilence,Heavy,No description
CnQingE,1727,1727,115.150405,32.128014,51.0,Pestilence,Heavy,No description
CnQingE,1727,1727,114.829398,31.937477,67.8,Pestilence,Heavy,No description
CnQingE,1727,1727,112.03633799999999,34.007574,991.3,Pestilence,Heavy,No description
CnQingE,1727,1727,114.222922,30.567490999999997,38.8,Pestilence,Heavy,No description
CnQingE,1727,1727,114.97946499999999,30.654595,53.0,Pestilence,Heavy,No description
CnQingE,1727,1727,113.84158799999999,29.225762,108.7,Pestilence,Heavy,No description
CnQingE,1727,1727,112.25062199999999,30.886678999999997,92.1,Pestilence,Heavy,No description
CnQingE,1727,1727,112.572861,31.241273,46.4,Pestilence,Heavy,No description
CnQingE,1727,1728,111.68368500000001,30.465326,61.9,Pestilence,Heavy,No description
CnQingE,1727,1727,112.77543999999999,27.667837,77.5,Pestilence,Heavy,No description
CnQingE,1727,1727,116.62643100000001,23.71796,87.8,Pestilence,Heavy,No description
CnQingE,1727,1727,116.79943300000001,23.514252,2.1,Pestilence,Heavy,No description
CnQingE,1727,1727,116.44686399999999,23.266574,4.4,Pestilence,Heavy,No description
CnQingE,1727,1727,116.44686399999999,23.266574,4.4,Pestilence,Heavy,No description
CnQingE,1727,1727,117.059937,23.435172,341.1,Pestilence,Heavy,No description
CnQingE,1727,1727,116.347494,23.591034,18.2,Pestilence,Heavy,No description
CnQingE,1727,1727,109.895973,31.119414000000003,95.1,Pestilence,Heavy,No description
CnQingE,1727,1727,118.242298,26.586157,147.2,Pestilence,No description,No description
CnQingE,1727,1727,114.222922,30.567490999999997,38.8,Pestilence,No description,No description
CnQingE,1727,1727,114.598476,40.836408,1128.8,Pestilence,Uncertain,No description
CnQingE,1727,1727,112.79715800000001,34.159442,208.5,Pestilence,Uncertain,No description
CnQingE,1728,1728,118.975431,39.911349,100.0,Pestilence,Heavy,No description
CnQingE,1728,1728,119.634331,39.958169,4.7,Pestilence,Heavy,No description
CnQingE,1728,1728,112.276876,36.696715000000005,1387.3,Pestilence,Heavy,No description
CnQingE,1728,1728,111.824898,35.697788,873.8,Pestilence,Heavy,No description
CnQingE,1728,1728,120.015625,40.295726,80.9,Pestilence,Heavy,No description
CnQingE,1728,1728,108.108531,33.952152000000005,1589.8,Pestilence,Heavy,No description
CnQingE,1728,1728,108.21881100000002,34.293236,469.2,Pestilence,Heavy,No description
CnQingE,1728,1728,117.853489,31.254384,10.1,Pestilence,Heavy,No description
CnQingE,1728,1728,115.930696,28.805688,24.6,Pestilence,Heavy,No description
CnQingE,1728,1728,116.80721899999999,25.598784,594.0,Pestilence,Heavy,No description
CnQingE,1728,1728,113.842684,35.237978999999996,71.4,Pestilence,Heavy,No description
CnQingE,1728,1728,110.771634,34.434069,1027.2,Pestilence,Heavy,No description
CnQingE,1728,1728,114.222922,30.567490999999997,38.8,Pestilence,Heavy,No description
CnQingE,1728,1728,111.288207,30.672249,98.5,Pestilence,Heavy,No description
CnQingE,1728,1728,110.84468600000001,30.481868,1321.7,Pestilence,Heavy,No description
CnQingE,1728,1728,114.32970700000001,38.077604,112.4,Pestilence,No description,No description
CnQingE,1728,1728,114.066878,37.982819,308.6,Pestilence,No description,No description
CnQingE,1728,1728,112.49636699999999,37.8367,806.1,Pestilence,No description,No description
CnQingE,1728,1728,109.79888700000001,34.409983000000004,1288.4,Pestilence,No description,No description
CnQingE,1728,1728,110.040906,34.533134000000004,373.5,Pestilence,No description,No description
CnQingE,1728,1728,121.08311699999999,31.126945000000003,4.8,Pestilence,No description,No description
CnQingE,1728,1728,121.127022,31.551683,3.5,Pestilence,No description,No description
CnQingE,1728,1728,115.431618,26.422068,222.0,Pestilence,No description,No description
CnQingE,1728,1728,116.77862900000001,26.817175,361.6,Pestilence,No description,No description
CnQingE,1728,1728,112.25062199999999,30.886678999999997,92.1,Pestilence,No description,No description
CnQingE,1728,1728,115.740597,24.261492,173.2,Pestilence,No description,No description
CnQingE,1728,1728,102.879665,23.678476999999997,1360.5,Pestilence,No description,No description
CnQingE,1728,1728,112.64018,36.701547999999995,985.7,Pestilence,Uncertain,No description
CnQingE,1728,1728,111.89924099999999,35.949507000000004,997.6,Pestilence,Uncertain,No description
CnQingE,1728,1728,109.06070700000001,34.517222,383.2,Pestilence,Uncertain,No description
CnQingE,1728,1728,117.714789,31.646091,5.0,Pestilence,Uncertain,No description
CnQingE,1728,1728,113.430454,32.88112,197.1,Pestilence,Uncertain,No description
CnQingE,1728,1728,114.75263100000001,30.330987,15.4,Pestilence,Uncertain,No description
CnQingE,1728,1728,113.877453,29.739825,39.6,Pestilence,Uncertain,No description
CnQingE,1729,1729,110.13586200000002,33.044923,826.0,Pestilence,Heavy,No description
CnQingE,1729,1729,119.370599,31.423776,7.8,Pestilence,Uncertain,No description
CnQingE,1730,1731,119.370599,31.423776,7.8,Pestilence,No Happening,No description
CnQingE,1730,1730,119.370599,31.423776,7.8,Pestilence,Uncertain,No description
CnQingE,1730,1730,112.99536100000002,28.170764000000002,77.6,Pestilence,Uncertain,No description
CnQingE,1731,1731,120.896588,30.899904,4.8,Pestilence,Heavy,No description
CnQingE,1731,1731,118.28158,31.710054,7.2,Pestilence,Heavy,No description
CnQingE,1732,1732,117.468772,27.232468,514.5,Pox,Uncertain,No description
CnQingE,1732,1732,105.687125,27.225696999999997,1688.0,Pox,Uncertain,No description
CnQingE,1732,1732,102.613607,29.425838,905.4,Pestilence,Heavy,No description
CnQingE,1732,1734,121.736145,31.023521999999996,4.6,Pestilence,Heavy- Multiple Times,No description
CnQingE,1733,1733,121.49450800000001,31.339228000000002,6.1,Pestilence,Heavy,No description
CnQingE,1733,1733,121.63616100000002,31.230935,5.0,Pestilence,Heavy,No description
CnQingE,1733,1733,121.54983700000001,30.915938,4.1,Pestilence,Heavy,No description
CnQingE,1733,1733,121.25135300000001,31.353075,5.7,Pestilence,Heavy,No description
CnQingE,1733,1733,121.127022,31.551683,3.5,Pestilence,Heavy,No description
CnQingE,1733,1733,121.127022,31.551683,3.5,Pestilence,Heavy,No description
CnQingE,1733,1733,117.18369299999999,28.189655,44.6,Pestilence,Heavy,No description
CnQingE,1733,1733,114.197763,39.375898,1548.9,Pestilence,Uncertain,No description
CnQingE,1733,1733,111.370097,35.869675,460.4,Pestilence,Uncertain,No description
CnQingE,1733,1733,110.93117099999999,35.920682,1571.5,Pestilence,Uncertain,No description
CnQingE,1733,1733,121.736145,31.023521999999996,4.6,Pestilence,Uncertain,No description
CnQingE,1733,1733,120.95298000000001,31.323023,3.1,Pestilence,Uncertain,No description
CnQingE,1733,1733,103.772726,24.512778,1704.0,Pestilence,Uncertain,No description
CnQingE,1734,1734,114.75263100000001,30.330987,15.4,Pestilence,Uncertain,No description
CnQingE,1735,1735,119.44253400000001,26.758676,342.1,Pestilence,Heavy,No description
CnQingE,1735,1735,103.026385,29.925596999999996,654.9,Pestilence,Heavy,No description
CnQingE,1735,1735,102.569185,30.074123999999998,1595.4,Pestilence,Heavy,No description
CnQingE,1736,1737,115.431618,26.422068,222.0,Pox,Uncertain,No description
CnQingE,1736,1736,121.14538700000001,29.985841999999998,133.8,Pestilence,Heavy,No description
CnQingE,1737,1737,103.119198,25.662995000000002,2264.1,Pestilence,Heavy,No description
CnQingE,1737,1737,102.75739399999999,24.352422,1774.4,Pestilence,Heavy,No description
CnQingE,1738,1738,112.717394,33.748044,172.3,Pestilence,Heavy,Over 90 Days
CnQingE,1738,1738,113.330049,33.546068,99.8,Pestilence,Heavy,No description
CnQingE,1738,1738,103.772726,24.512778,1704.0,Pestilence,Heavy,No description
CnQingE,1739,1739,120.054135,33.30777,1.5,Pestilence,Heavy,No description
CnQingE,1739,1739,119.69293,33.708995,0.5,Pestilence,Heavy,No description
CnQingE,1739,1739,121.006976,32.078142,3.8,Pestilence,Uncertain,No description
CnQingE,1739,1739,117.903632,30.948407,26.5,Pestilence,Uncertain,No description
CnQingE,1740,1740,110.771634,34.434069,1027.2,Pestilence,Heavy,No description
CnQingE,1740,1740,110.278129,18.833584,233.5,Pestilence,Uncertain,No description
CnQingE,1741,1741,118.242298,26.586157,147.2,Pox,No description,No description
CnQingE,1742,1742,112.42083500000001,26.36119,103.2,Pestilence,Heavy,No description
CnQingE,1742,1742,112.087422,24.507915,363.9,Pestilence,Heavy,No description
CnQingE,1742,1742,112.442002,24.932152,382.5,Pestilence,Heavy,No description
CnQingE,1742,1742,109.966908,33.423271,1096.1,Pestilence,Uncertain,No description
CnQingE,1742,1742,117.853489,31.254384,10.1,Pestilence,Uncertain,No description
CnQingE,1743,1743,115.633567,33.332976,36.3,Pestilence,Heavy,No description
CnQingE,1743,1744,116.669473,27.519576,98.7,Pestilence,Heavy,No description
CnQingE,1743,1743,115.371853,33.891771999999996,42.0,Pestilence,Heavy,No description
CnQingE,1743,1743,114.884114,33.705385,45.9,Pestilence,Heavy,No description
CnQingE,1743,1743,115.164271,33.291236,39.9,Pestilence,Heavy,No description
CnQingE,1743,1743,115.150405,32.128014,51.0,Pestilence,Heavy,No description
CnQingE,1743,1743,115.843575,32.916121000000004,30.8,Pestilence,No description,No description
CnQingE,1743,1743,117.342699,27.652942,307.3,Pestilence,No description,No description
CnQingE,1743,1743,117.38886000000001,26.729082000000002,398.1,Pestilence,No description,No description
CnQingE,1743,1743,114.42149199999999,34.09855,59.0,Pestilence,No description,No description
CnQingE,1743,1743,114.840176,34.093848,54.0,Pestilence,No description,No description
CnQingE,1743,1743,114.462506,33.787811,55.1,Pestilence,Uncertain,No description
CnQingE,1743,1743,114.877995,33.272712,38.0,Pestilence,Uncertain,No description
CnQingE,1744,1745,119.98119299999999,26.8636,118.6,Pox,Uncertain,No description
CnQingE,1744,1744,116.663243,26.304059000000002,355.4,Pestilence,Heavy,No description
CnQingE,1745,1745,118.78491899999999,30.939445000000003,11.1,Pestilence,Heavy,No description
CnQingE,1745,1746,116.80721899999999,25.598784,594.0,Pestilence,Heavy,No description
CnQingE,1745,1745,112.75974,32.089828000000004,139.7,Pestilence,Heavy,No description
CnQingE,1745,1745,120.09366399999999,28.934114,130.9,Pestilence,Uncertain,No description
CnQingE,1745,1746,110.278129,18.833584,233.5,Pestilence,Uncertain,No description
CnQingE,1746,1746,112.83188200000001,37.642125,866.1,Pestilence,Heavy,No description
CnQingE,1746,1746,119.548052,29.834181,444.7,Pestilence,Heavy,No description
CnQingE,1746,1746,115.930696,28.805688,24.6,Pestilence,Heavy,No description
CnQingE,1746,1746,112.401776,27.084921,88.1,Pestilence,Heavy,No description
CnQingE,1747,1747,118.382185,35.106435,65.0,Pestilence,Heavy,No description
CnQingE,1747,1747,118.382185,35.106435,65.0,Pestilence,Heavy,No description
CnQingE,1747,1747,117.07711699999999,35.35248,127.2,Pestilence,Uncertain,No description
CnQingE,1747,1748,112.345782,28.130859,72.9,Pestilence,Uncertain,No description
CnQingE,1747,1748,105.82155800000001,23.244168,1291.2,Pestilence,Uncertain,No description
CnQingE,1748,1749,111.011298,25.929613,208.3,Pestilence,Heavy,Over 90 Days
CnQingE,1748,1749,111.011298,25.929613,208.3,Pestilence,Heavy,Over 90 Days
CnQingE,1748,1748,119.14563700000001,36.328617,99.2,Pestilence,Heavy,No description
CnQingE,1748,1748,119.94951100000002,36.238659999999996,88.0,Pestilence,Heavy,No description
CnQingE,1748,1748,120.50741699999999,36.480518,60.4,Pestilence,Heavy,No description
CnQingE,1748,1748,117.17906200000002,36.151918,125.0,Pestilence,Heavy,No description
CnQingE,1748,1748,117.650323,36.286172,225.2,Pestilence,Heavy,No description
CnQingE,1748,1748,116.562335,35.01677,34.9,Pestilence,Heavy,No description
CnQingE,1748,1748,115.895909,36.44767,32.0,Pestilence,Heavy,No description
CnQingE,1748,1748,115.52881399999998,36.529058,39.0,Pestilence,Heavy,No description
CnQingE,1748,1748,121.09057,30.713245,6.4,Pestilence,Heavy,No description
CnQingE,1748,1748,121.207132,28.851323999999998,8.4,Pestilence,Heavy,No description
CnQingE,1748,1748,114.75516100000002,34.503741,62.5,Pestilence,Heavy,No description
CnQingE,1748,1748,113.89403200000001,25.981138,979.6,Pestilence,Heavy,No description
CnQingE,1748,1748,113.66355300000001,25.549548,671.5,Pestilence,Heavy,No description
CnQingE,1748,1748,112.920027,25.26662,204.6,Pestilence,Heavy,No description
CnQingE,1748,1748,111.23938799999999,25.193548999999997,277.6,Pestilence,Heavy,No description
CnQingE,1748,1748,110.311502,26.321386999999998,655.1,Pestilence,Heavy,No description
CnQingE,1748,1748,111.297077,24.889069,211.4,Pestilence,Heavy,No description
CnQingE,1748,1748,119.156925,36.791958,13.0,Pestilence,Uncertain,No description
CnQingE,1748,1748,121.24963600000001,37.467374,7.8,Pestilence,Uncertain,No description
CnQingE,1748,1748,117.605709,35.894811,162.9,Pestilence,Uncertain,No description
CnQingE,1748,1748,116.330951,35.96158,39.7,Pestilence,Uncertain,No description
CnQingE,1748,1748,116.740905,35.572562,43.3,Pestilence,Uncertain,No description
CnQingE,1748,1748,117.017926,35.613908,68.0,Pestilence,Uncertain,No description
CnQingE,1748,1748,115.810346,28.110976,24.0,Pestilence,Uncertain,No description
CnQingE,1748,1748,114.01106999999999,26.700307000000002,318.3,Pestilence,Uncertain,No description
CnQingE,1748,1748,115.751783,25.500757,192.8,Pestilence,Uncertain,No description
CnQingE,1748,1748,114.38891399999999,25.934323000000003,370.7,Pestilence,Uncertain,No description
CnQingE,1748,1748,110.190652,26.711178000000004,589.5,Pestilence,Uncertain,No description
CnQingE,1748,1748,110.05831200000002,25.297679000000002,175.4,Pestilence,Uncertain,No description
CnQingE,1749,1749,113.45198300000001,25.934368,274.0,Pestilence,Heavy,No description
CnQingE,1749,1749,120.479444,30.605512,9.0,Pestilence,Heavy,No description
CnQingE,1749,1749,113.45198300000001,25.934368,274.0,Pestilence,Heavy,No description
CnQingE,1749,1749,113.89403200000001,25.981138,979.6,Pestilence,Heavy,No description
CnQingE,1749,1749,111.589972,25.495041,174.1,Pestilence,Heavy,No description
CnQingE,1749,1749,108.46873300000001,34.595411,749.5,Pestilence,Uncertain,No description
CnQingE,1749,1749,118.961703,31.332019,7.5,Pestilence,Uncertain,No description
CnQingE,1749,1749,120.180205,30.784307000000002,2.1,Pestilence,Uncertain,No description
CnQingE,1749,1749,115.810346,28.110976,24.0,Pestilence,Uncertain,No description
CnQingE,1750,1750,119.94951100000002,36.238659999999996,88.0,Pestilence,Heavy,No description
CnQingE,1750,1750,116.77404299999999,29.240033,37.9,Pestilence,Heavy,No description
CnQingE,1750,1750,116.908823,28.320905,29.9,Pestilence,Heavy,No description
CnQingE,1750,1750,121.496292,31.406519,7.0,Pestilence,Uncertain,No description
CnQingE,1751,1751,110.278129,18.833584,233.5,Pestilence,Uncertain,No description
CnQingE,1752,1752,121.207132,28.851323999999998,8.4,Pestilence,Heavy,No description
CnQingE,1752,1752,119.355382,30.890991999999997,82.2,Pestilence,Uncertain,No description
CnQingE,1752,1752,115.29058,28.364089,33.9,Pestilence,Uncertain,No description
CnQingE,1752,1752,112.77543999999999,27.667837,77.5,Pestilence,Uncertain,No description
CnQingE,1752,1752,113.45745900000001,27.661007,111.4,Pestilence,Uncertain,No description
CnQingE,1753,1753,119.28056399999998,33.503341,4.0,Pestilence,Heavy,No description
CnQingE,1753,1753,121.207132,28.851323999999998,8.4,Pestilence,Heavy,No description
CnQingE,1753,1753,119.347178,26.144508,87.4,Pestilence,Heavy,No description
CnQingE,1753,1753,119.347178,26.144508,87.4,Pestilence,Heavy,No description
CnQingE,1753,1753,118.153456,24.744127,38.0,Pestilence,Heavy,No description
CnQingE,1753,1753,119.05728799999999,25.445707000000002,3.5,Pestilence,Heavy,No description
CnQingE,1753,1753,118.691146,25.462277,145.8,Pestilence,Heavy,No description
CnQingE,1753,1754,118.547427,24.728931,41.3,Pestilence,Heavy,No description
CnQingE,1753,1753,118.37502099999999,25.012417000000003,51.3,Pestilence,Heavy,No description
CnQingE,1753,1753,99.917037,24.603661,1591.9,Pestilence,Heavy,No description
CnQingE,1753,1753,119.54930800000001,25.909991,3.6,Pestilence,Uncertain,No description
CnQingE,1753,1753,117.78671200000001,24.401722,22.6,Pestilence,Uncertain,No description
CnQingE,1753,1753,114.477124,23.00851,12.4,Pestilence,Uncertain,No description
CnQingE,1754,1754,112.36178100000001,35.750356,762.7,Pestilence,Heavy,No description
CnQingE,1754,1754,117.999016,27.745963,219.9,Pestilence,Heavy,No description
CnQingE,1754,1754,118.547427,24.728931,41.3,Pestilence,Heavy,No description
CnQingE,1754,1754,118.81403700000001,25.046039,7.6,Pestilence,Heavy,No description
CnQingE,1754,1754,117.853489,31.254384,10.1,Pestilence,Uncertain,No description
CnQingE,1754,1755,106.58361699999999,23.379442,689.7,Pestilence,Uncertain,No description
CnQingE,1754,1755,106.58361699999999,23.379442,689.7,Pestilence,Uncertain,No description
CnQingE,1755,1757,116.60315200000001,34.690638,41.6,Pestilence,Heavy,No description
CnQingE,1755,1755,109.966908,33.423271,1096.1,Pestilence,Uncertain,No description
CnQingE,1755,1756,121.127022,31.551683,3.5,Pestilence,Uncertain,No description
CnQingE,1755,1755,120.29982,31.833935999999998,8.3,Pestilence,Uncertain,No description
CnQingE,1755,1755,120.263248,32.034773,3.1,Pestilence,Uncertain,No description
CnQingE,1755,1755,121.843877,29.376544,514.2,Pestilence,Uncertain,No description
CnQingE,1755,1755,121.843877,29.376544,514.2,Pestilence,Uncertain,No description
CnQingE,1756,1756,119.28056399999998,33.503341,4.0,Pestilence,Heavy,30-60 Days
CnQingE,1756,1756,121.63616100000002,31.230935,5.0,Pestilence,Heavy,No description
CnQingE,1756,1756,121.49450800000001,31.339228000000002,6.1,Pestilence,Heavy,No description
CnQingE,1756,1756,121.54983700000001,30.915938,4.1,Pestilence,Heavy,No description
CnQingE,1756,1756,121.496292,31.406519,7.0,Pestilence,Heavy,No description
CnQingE,1756,1756,120.60306899999999,31.309043,6.2,Pestilence,Heavy,No description
CnQingE,1756,1756,120.95298000000001,31.323023,3.1,Pestilence,Heavy,No description
CnQingE,1756,1756,120.80831699999999,31.655226000000003,3.7,Pestilence,Heavy,No description
CnQingE,1756,1756,119.445274,32.406239,9.0,Pestilence,Heavy,No description
CnQingE,1756,1756,119.188204,32.388233,16.0,Pestilence,Heavy,No description
CnQingE,1756,1756,119.981765,32.956244,1.0,Pestilence,Heavy,No description
CnQingE,1756,1756,120.061609,32.508067,5.9,Pestilence,Heavy,No description
CnQingE,1756,1756,120.092824,32.219519,3.1,Pestilence,Heavy,No description
CnQingE,1756,1756,120.263248,32.034773,3.1,Pestilence,Heavy,No description
CnQingE,1756,1756,121.006976,32.078142,3.8,Pestilence,Heavy,No description
CnQingE,1756,1756,120.568183,32.264155,6.5,Pestilence,Heavy,No description
CnQingE,1756,1756,120.054135,33.30777,1.5,Pestilence,Heavy,No description
CnQingE,1756,1756,119.69293,33.708995,0.5,Pestilence,Heavy,No description
CnQingE,1756,1756,120.553937,32.784224,2.0,Pestilence,Heavy,No description
CnQingE,1756,1756,116.897453,34.699891,38.3,Pestilence,Heavy,No description
CnQingE,1756,1756,117.853489,31.254384,10.1,Pestilence,Heavy,No description
CnQingE,1756,1756,116.677558,30.240207,9.6,Pestilence,Heavy,No description
CnQingE,1756,1756,116.81433899999999,31.306114,46.3,Pestilence,Heavy,No description
CnQingE,1756,1756,117.53057700000001,33.687112,20.8,Pestilence,Heavy,No description
CnQingE,1756,1756,117.753294,33.134278,12.4,Pestilence,Heavy,No description
CnQingE,1756,1756,117.032343,33.032084999999995,17.0,Pestilence,Heavy,No description
CnQingE,1756,1756,117.59174399999999,32.7898,22.6,Pestilence,Heavy,No description
CnQingE,1756,1756,118.96127299999999,32.716928,8.1,Pestilence,Heavy,No description
CnQingE,1756,1756,118.52155,32.470418,45.3,Pestilence,Heavy,No description
CnQingE,1756,1756,117.032343,33.032084999999995,17.0,Pestilence,Heavy,No description
CnQingE,1756,1756,120.62576100000001,31.012009999999997,4.5,Pestilence,Uncertain,No description
CnQingE,1756,1756,119.19588999999999,31.928152,38.0,Pestilence,Uncertain,No description
CnQingE,1756,1756,119.49063400000001,32.831306,1.9,Pestilence,Uncertain,No description
CnQingE,1756,1756,120.74689,30.74445,7.0,Pestilence,Uncertain,No description
CnQingE,1756,1756,120.896588,30.899904,4.8,Pestilence,Uncertain,No description
CnQingE,1756,1756,121.09057,30.713245,6.4,Pestilence,Uncertain,No description
CnQingE,1756,1756,120.180205,30.784307000000002,2.1,Pestilence,Uncertain,No description
CnQingE,1756,1756,117.32121699999999,31.269636,24.5,Pestilence,Uncertain,No description
CnQingE,1756,1756,117.156623,33.726215,27.7,Pestilence,Uncertain,No description
CnQingE,1756,1756,117.876391,33.540753,21.0,Pestilence,Uncertain,No description
CnQingE,1756,1756,108.156833,23.660567999999998,294.7,Pestilence,Uncertain,No description
CnQingE,1757,1757,119.98119299999999,26.8636,118.6,Pox,Heavy,No description
CnQingE,1757,1757,119.98119299999999,26.8636,118.6,Pox,Heavy,No description
CnQingE,1757,1757,120.479444,30.605512,9.0,Pestilence,Uncertain,No description
CnQingE,1757,1757,114.477124,23.00851,12.4,Pestilence,Uncertain,No description
CnQingE,1757,1760,109.711927,19.801371,81.0,Pestilence,Uncertain,No description
CnQingE,1757,1760,109.711927,19.801371,81.0,Pestilence,Uncertain,No description
CnQingE,1758,1758,115.292203,34.110559,45.4,Pestilence,Heavy,No description
CnQingE,1758,1759,112.891718,23.295994,4.1,Pestilence,Heavy,No description
CnQingE,1758,1758,99.746319,26.434437,2752.7,Pestilence,Heavy,No description
CnQingE,1758,1758,113.379204,34.195892,144.3,Pestilence,Uncertain,No description
CnQingE,1758,1759,111.67270900000001,24.303626,101.0,Pestilence,Uncertain,No description
CnQingE,1759,1759,115.057226,25.894161999999998,98.0,Pestilence,Heavy,No description
CnQingE,1759,1759,114.477124,23.00851,12.4,Pestilence,Heavy,No description
CnQingE,1759,1759,112.166876,23.969216,79.9,Pestilence,Heavy,No description
CnQingE,1759,1759,111.71094099999999,23.558455,230.0,Pestilence,Heavy,No description
CnQingE,1759,1759,111.67270900000001,24.303626,101.0,Pestilence,Heavy,No description
CnQingE,1759,1759,99.746319,26.434437,2752.7,Pestilence,Heavy,No description
CnQingE,1759,1759,113.736,37.557154,1094.4,Pestilence,Heavy,No description
CnQingE,1759,1759,118.78491899999999,30.939445000000003,11.1,Pestilence,Uncertain,No description
CnQingE,1759,1759,117.342699,27.652942,307.3,Pestilence,Uncertain,No description
CnQingE,1759,1759,114.660591,35.470076,59.6,Pestilence,Uncertain,No description
CnQingE,1759,1759,113.377292,22.519410999999998,12.3,Pestilence,Uncertain,No description
CnQingE,1759,1759,110.130812,21.642227,43.3,Pestilence,Uncertain,No description
CnQingE,1759,1759,110.438593,19.807475,22.3,Pestilence,Uncertain,No description
CnQingE,1760,1760,113.758619,37.842884999999995,756.6,Pestilence,Heavy,1-10 Days
CnQingE,1760,1761,120.896588,30.899904,4.8,Pestilence,Heavy,Over 90 Days
CnQingE,1760,1760,116.851657,38.313006,12.2,Pestilence,Heavy,No description
CnQingE,1760,1760,116.664142,37.881190000000004,13.8,Pestilence,Heavy,No description
CnQingE,1760,1760,116.186178,37.660684,17.1,Pestilence,Heavy,No description
CnQingE,1760,1760,113.46348200000001,37.339663,1394.3,Pestilence,Heavy,No description
CnQingE,1760,1760,104.721326,36.731512,1461.4,Pestilence,Heavy,No description
CnQingE,1760,1760,113.846896,36.012215999999995,367.3,Pestilence,Heavy,No description
CnQingE,1760,1760,114.27963600000001,37.617672,263.5,Pestilence,Uncertain,No description
CnQingE,1760,1760,113.732694,36.591526,578.8,Pestilence,Uncertain,No description
CnQingE,1760,1760,113.348855,38.222989,1016.1,Pestilence,Uncertain,No description
CnQingE,1764,1764,115.810346,28.110976,24.0,Pox,Uncertain,No description
CnQingE,1764,1765,118.242298,26.586157,147.2,Pox,Uncertain,No description
CnQingE,1764,1764,102.005646,38.412318,1843.5,Pestilence,Heavy,No description
CnQingE,1764,1764,110.699448,21.440841,1.4,Pestilence,Heavy,No description
CnQingE,1765,1765,119.31199699999999,33.880774,5.2,Pestilence,Heavy,No description
CnQingE,1765,1765,117.853489,31.254384,10.1,Pestilence,Heavy,No description
CnQingE,1766,1767,120.896588,30.899904,4.8,Pestilence,Heavy,60-90 Days
CnQingE,1766,1767,104.721326,36.731512,1461.4,Pestilence,Heavy,No description
CnQingE,1766,1766,119.355382,30.890991999999997,82.2,Pestilence,Uncertain,No description
CnQingE,1767,1767,111.23033000000001,27.869814,267.1,Pestilence,Heavy,No description
CnQingE,1767,1767,118.1872,31.126371999999996,167.2,Pestilence,Uncertain,No description
CnQingE,1767,1767,114.893082,26.741134999999996,77.3,Pestilence,Uncertain,No description
CnQingE,1768,1768,119.981765,32.956244,1.0,Pestilence,Heavy,No description
CnQingE,1768,1768,117.853489,31.254384,10.1,Pestilence,Heavy,No description
CnQingE,1768,1768,113.671034,30.623619,27.0,Pestilence,Heavy,No description
CnQingE,1768,1768,114.893082,26.741134999999996,77.3,Pestilence,No description,No description
CnQingE,1768,1768,117.495515,30.508803000000004,99.5,Pestilence,Uncertain,No description
CnQingE,1768,1768,116.013494,29.640973,179.7,Pestilence,Uncertain,No description
CnQingE,1768,1768,116.27786599999999,29.664389,32.8,Pestilence,Uncertain,No description
CnQingE,1769,1769,118.78491899999999,30.939445000000003,11.1,Pestilence,Heavy,No description
CnQingE,1769,1769,114.054103,29.458803000000003,85.7,Pestilence,Heavy,No description
CnQingE,1769,1769,108.930351,23.165160999999998,101.1,Pestilence,Heavy,No description
CnQingE,1769,1769,111.701489,29.745372999999997,44.2,Pestilence,No description,No description
CnQingE,1769,1769,111.61388600000001,29.492246,89.1,Pestilence,No description,No description
CnQingE,1769,1769,108.63347900000001,23.520022,151.5,Pestilence,No description,No description
CnQingE,1770,1770,103.495597,36.132975,1650.7,Pestilence,Heavy,No description
CnQingE,1770,1770,103.495597,36.132975,1650.7,Pestilence,Heavy,No description
CnQingE,1770,1770,118.28158,31.710054,7.2,Pestilence,Heavy,No description
CnQingE,1770,1770,118.518423,31.187851000000002,6.0,Pestilence,Heavy,No description
CnQingE,1770,1770,118.78491899999999,30.939445000000003,11.1,Pestilence,Heavy,No description
CnQingE,1770,1770,106.988026,34.434996000000005,815.8,Pestilence,Uncertain,No description
CnQingE,1770,1770,103.879674,36.390528,1740.5,Pestilence,Uncertain,No description
CnQingE,1771,1771,119.08945,39.632731,12.0,Pestilence,Heavy,No description
CnQingE,1771,1771,105.18536200000001,35.208308,1872.3,Pestilence,Heavy,No description
CnQingE,1771,1771,121.127022,31.551683,3.5,Pestilence,Uncertain,No description
CnQingE,1771,1771,105.198178,25.839585999999997,1440.4,Pestilence,Uncertain,No description
CnQingE,1771,1771,105.198178,25.839585999999997,1440.4,Pestilence,Uncertain,No description
CnQingE,1774,1775,118.242298,26.586157,147.2,Pox,Uncertain,No description
CnQingE,1775,1776,117.391278,39.011594,2.7,Pestilence,Heavy,No description
CnQingE,1775,1775,115.573802,37.948909,24.5,Pestilence,Heavy,No description
CnQingE,1775,1775,115.909497,38.044664000000004,18.3,Pestilence,Heavy,No description
CnQingE,1776,1777,116.77862900000001,26.817175,361.6,Pestilence,Heavy,60-90 Days
CnQingE,1776,1776,118.78491899999999,30.939445000000003,11.1,Pestilence,Heavy,No description
CnQingE,1776,1776,118.78491899999999,30.939445000000003,11.1,Pestilence,Heavy,No description
CnQingE,1776,1776,101.238377,25.943693,2521.6,Pestilence,Heavy,No description
CnQingE,1777,1778,121.496292,31.406519,7.0,Pestilence,Heavy,No description
CnQingE,1777,1777,110.05831200000002,25.297679000000002,175.4,Pestilence,Heavy,No description
CnQingE,1777,1778,121.54983700000001,30.915938,4.1,Pestilence,Uncertain,No description
CnQingE,1778,1778,110.130812,21.642227,43.3,Peculiar Epidemics,Uncertain,No description
CnQingE,1779,1779,112.77543999999999,27.667837,77.5,Pestilence,Heavy,No description
CnQingE,1779,1779,111.75620500000001,29.020888,32.8,Pestilence,Heavy,No description
CnQingE,1779,1779,112.66530900000001,24.505855,448.3,Pestilence,Heavy,No description
CnQingE,1779,1779,100.007926,27.062026,3071.5,Pestilence,Heavy,No description
CnQingE,1779,1779,109.56030200000001,28.667995,288.3,Pestilence,No description,No description
CnQingE,1780,1780,114.893082,26.741134999999996,77.3,Pestilence,Heavy,No description
CnQingE,1780,1780,116.664142,37.881190000000004,13.8,Pestilence,Heavy,No description
CnQingE,1781,1782,114.32198700000001,28.208046000000003,221.6,Influenza,Moderate,No description
CnQingE,1781,1781,118.05543600000001,27.4046,242.9,Pestilence,Uncertain,No description
CnQingE,1781,1781,118.95901699999999,27.324236,768.5,Pestilence,Uncertain,No description
CnQingE,1782,1782,104.043255,29.640109000000002,403.1,Pestilence,No description,No description
CnQingE,1782,1782,120.84894399999999,37.655065,96.6,Pestilence,Uncertain,No description
CnQingE,1783,1783,120.472939,27.82982,119.1,Pestilence,Heavy,No description
CnQingE,1783,1783,119.188204,32.388233,16.0,Pestilence,No description,No description
CnQingE,1783,1783,121.843877,29.376544,514.2,Pestilence,No description,No description
CnQingE,1784,1784,121.49450800000001,31.339228000000002,6.1,Pestilence,Heavy,No description
CnQingE,1784,1784,114.807674,35.895753000000006,55.0,Pestilence,Heavy,No description
CnQingE,1784,1784,121.496292,31.406519,7.0,Pestilence,No description,No description
CnQingE,1784,1786,116.109214,34.737057,43.8,Pestilence,Uncertain,No description
CnQingE,1785,1785,121.843877,29.376544,514.2,Pox,Uncertain,No description
CnQingE,1785,1785,110.361851,38.071727,1022.9,Pestilence,Heavy,No description
CnQingE,1785,1785,121.006976,32.078142,3.8,Pestilence,Heavy,No description
CnQingE,1785,1785,120.568183,32.264155,6.5,Pestilence,Heavy,No description
CnQingE,1785,1785,115.930696,28.805688,24.6,Pestilence,Heavy,No description
CnQingE,1785,1785,121.32328500000001,30.179804999999998,7.3,Pox,No description,No description
CnQingE,1785,1786,117.26628799999999,31.834359000000003,31.4,Pestilence,No description,No description
CnQingE,1785,1785,119.404196,36.01124,61.8,Pestilence,Uncertain,No description
CnQingE,1785,1786,121.54983700000001,30.915938,4.1,Pestilence,Uncertain,No description
CnQingE,1785,1785,121.127022,31.551683,3.5,Pestilence,Uncertain,No description
CnQingE,1785,1785,115.843575,32.916121000000004,30.8,Pestilence,Uncertain,No description
CnQingE,1785,1786,118.654494,30.157804,270.3,Pestilence,Uncertain,No description
CnQingE,1785,1785,114.06785900000001,35.492828,90.9,Pestilence,Uncertain,No description
CnQingE,1786,1786,117.516503,34.850293,69.6,Pestilence,Heavy,No description
CnQingE,1786,1786,116.889881,37.226715000000006,20.3,Pestilence,Heavy,No description
CnQingE,1786,1786,116.421878,37.146913,23.2,Pestilence,Heavy,No description
CnQingE,1786,1786,119.14563700000001,36.328617,99.2,Pestilence,Heavy,No description
CnQingE,1786,1786,119.156925,36.791958,13.0,Pestilence,Heavy,No description
CnQingE,1786,1786,119.94951100000002,36.238659999999996,88.0,Pestilence,Heavy,No description
CnQingE,1786,1786,120.50741699999999,36.480518,60.4,Pestilence,Heavy,No description
CnQingE,1786,1786,117.974511,35.253409999999995,105.7,Pestilence,Heavy,No description
CnQingE,1786,1786,118.88069099999998,35.650541,114.9,Pestilence,Heavy,No description
CnQingE,1786,1786,119.31189599999999,35.396013,27.7,Pestilence,Heavy,No description
CnQingE,1786,1786,115.457071,35.281923,53.5,Pestilence,Heavy,No description
CnQingE,1786,1786,116.109214,34.737057,43.8,Pestilence,Heavy,No description
CnQingE,1786,1786,115.060585,35.174867,60.2,Pestilence,Heavy,No description
CnQingE,1786,1786,115.76952800000001,36.774602,36.0,Pestilence,Heavy,No description
CnQingE,1786,1786,121.08311699999999,31.126945000000003,4.8,Pestilence,Heavy,No description
CnQingE,1786,1786,121.496292,31.406519,7.0,Pestilence,Heavy,No description
CnQingE,1786,1786,120.80831699999999,31.655226000000003,3.7,Pestilence,Heavy,No description
CnQingE,1786,1786,120.62576100000001,31.012009999999997,4.5,Pestilence,Heavy,No description
CnQingE,1786,1786,120.33599199999999,31.567521999999997,7.1,Pestilence,Heavy,No description
CnQingE,1786,1786,120.29982,31.833935999999998,8.3,Pestilence,Heavy,No description
CnQingE,1786,1786,119.19588999999999,31.928152,38.0,Pestilence,Heavy,No description
CnQingE,1786,1786,119.981765,32.956244,1.0,Pestilence,Heavy,No description
CnQingE,1786,1786,120.061609,32.508067,5.9,Pestilence,Heavy,No description
CnQingE,1786,1786,119.28056399999998,33.503341,4.0,Pestilence,Heavy,No description
CnQingE,1786,1786,118.312504,33.963181,19.6,Pestilence,Heavy,No description
CnQingE,1786,1786,119.69293,33.708995,0.5,Pestilence,Heavy,No description
CnQingE,1786,1786,120.553937,32.784224,2.0,Pestilence,Heavy,No description
CnQingE,1786,1786,117.322622,34.311265,31.5,Pestilence,Heavy,No description
CnQingE,1786,1786,117.876958,33.944061,21.2,Pestilence,Heavy,No description
CnQingE,1786,1786,119.367906,29.483860999999997,144.4,Pestilence,Heavy,No description
CnQingE,1786,1786,120.180205,30.784307000000002,2.1,Pestilence,Heavy,No description
CnQingE,1786,1786,117.26628799999999,31.834359000000003,31.4,Pestilence,Heavy,No description
CnQingE,1786,1786,118.28158,31.710054,7.2,Pestilence,Heavy,No description
CnQingE,1786,1786,116.79441399999999,30.576520000000002,65.1,Pestilence,Heavy,No description
CnQingE,1786,1786,116.940069,30.969716,25.8,Pestilence,Heavy,No description
CnQingE,1786,1786,116.158322,32.196645000000004,25.0,Pestilence,Heavy,No description
CnQingE,1786,1786,116.81433899999999,31.306114,46.3,Pestilence,Heavy,No description
CnQingE,1786,1786,115.843575,32.916121000000004,30.8,Pestilence,Heavy,No description
CnQingE,1786,1786,115.843575,32.916121000000004,30.8,Pestilence,Heavy,No description
CnQingE,1786,1786,117.156623,33.726215,27.7,Pestilence,Heavy,No description
CnQingE,1786,1786,117.032343,33.032084999999995,17.0,Pestilence,Heavy,No description
CnQingE,1786,1786,117.649859,32.469781,57.0,Pestilence,Heavy,No description
CnQingE,1786,1786,114.43283000000001,28.997489,548.8,Pestilence,Heavy,No description
CnQingE,1786,1786,114.969381,25.280093,175.7,Pestilence,Heavy,No description
CnQingE,1786,1786,114.75516100000002,34.503741,62.5,Pestilence,Heavy,No description
CnQingE,1786,1786,115.529159,35.801377,49.5,Pestilence,Heavy,No description
CnQingE,1786,1786,113.824642,34.045349,74.0,Pestilence,Heavy,No description
CnQingE,1786,1786,113.95021399999999,33.83907,59.0,Pestilence,Heavy,No description
CnQingE,1786,1786,113.430454,32.88112,197.1,Pestilence,Heavy,No description
CnQingE,1786,1786,114.85662099999999,32.408019,48.0,Pestilence,Heavy,No description
CnQingE,1786,1786,115.695722,32.131846,38.4,Pestilence,Heavy,No description
CnQingE,1786,1786,112.54113100000001,32.967868,124.1,Pestilence,Heavy,No description
CnQingE,1786,1786,112.75974,32.089828000000004,139.7,Pestilence,Heavy,No description
CnQingE,1786,1786,118.05561000000002,36.643938,185.0,Pestilence,No description,No description
CnQingE,1786,1786,117.516503,34.850293,69.6,Pestilence,Uncertain,No description
CnQingE,1786,1786,116.70541100000001,36.722932,25.7,Pestilence,Uncertain,No description
CnQingE,1786,1786,118.842952,37.018886,7.7,Pestilence,Uncertain,No description
CnQingE,1786,1786,118.91285,36.537723,132.6,Pestilence,Uncertain,No description
CnQingE,1786,1786,119.404196,36.01124,61.8,Pestilence,Uncertain,No description
CnQingE,1786,1786,116.492433,35.711764,41.2,Pestilence,Uncertain,No description
CnQingE,1786,1786,115.52881399999998,36.529058,39.0,Pestilence,Uncertain,No description
CnQingE,1786,1786,116.168725,36.579578000000005,29.9,Pestilence,Uncertain,No description
CnQingE,1786,1786,115.54151100000001,36.134269,40.0,Pestilence,Uncertain,No description
CnQingE,1786,1786,120.95298000000001,31.323023,3.1,Pestilence,Uncertain,No description
CnQingE,1786,1786,120.092824,32.219519,3.1,Pestilence,Uncertain,No description
CnQingE,1786,1786,121.006976,32.078142,3.8,Pestilence,Uncertain,No description
CnQingE,1786,1786,120.568183,32.264155,6.5,Pestilence,Uncertain,No description
CnQingE,1786,1786,119.32889399999999,34.618598999999996,0.0,Pestilence,Uncertain,No description
CnQingE,1786,1786,119.027584,34.888509,10.5,Pestilence,Uncertain,No description
CnQingE,1786,1786,117.853489,31.254384,10.1,Pestilence,Uncertain,No description
CnQingE,1786,1786,117.32121699999999,31.269636,24.5,Pestilence,Uncertain,No description
CnQingE,1786,1786,116.000831,26.585040999999997,213.1,Pestilence,Uncertain,No description
CnQingE,1786,1786,114.440678,34.720748,66.2,Pestilence,Uncertain,No description
CnQingE,1786,1786,114.143479,34.385856,67.1,Pestilence,Uncertain,No description
CnQingE,1786,1786,113.42671299999999,34.510027,234.2,Pestilence,Uncertain,No description
CnQingE,1786,1786,115.899827,34.368241,45.1,Pestilence,Uncertain,No description
CnQingE,1786,1786,114.42149199999999,34.09855,59.0,Pestilence,Uncertain,No description
CnQingE,1786,1786,114.884114,33.705385,45.9,Pestilence,Uncertain,No description
CnQingE,1786,1786,114.840176,34.093848,54.0,Pestilence,Uncertain,No description
CnQingE,1786,1786,114.188351,34.009756,54.7,Pestilence,Uncertain,No description
CnQingE,1786,1786,114.024349,33.602869,61.0,Pestilence,Uncertain,No description
CnQingE,1786,1786,113.67203500000001,33.546535999999996,73.9,Pestilence,Uncertain,No description
CnQingE,1786,1786,113.000805,33.296358000000005,163.4,Pestilence,Uncertain,No description
CnQingE,1786,1786,112.42178500000001,34.059515000000005,473.1,Pestilence,Uncertain,No description
CnQingE,1786,1787,112.400594,25.632114,209.4,Pestilence,Uncertain,No description
CnQingE,1787,1787,114.85662099999999,32.408019,48.0,Malaria,Heavy,No description
CnQingE,1787,1787,114.351423,25.441629000000002,437.8,Pestilence,Heavy,No description
CnQingE,1787,1787,108.63347900000001,23.520022,151.5,Pestilence,Heavy,No description
CnQingE,1787,1787,110.05831200000002,25.297679000000002,175.4,Pestilence,Heavy,No description
CnQingE,1787,1787,116.81291200000001,24.754797,603.2,Pestilence,Heavy- Multiple Times,No description
CnQingE,1787,1787,116.000831,26.585040999999997,213.1,Pestilence,Uncertain,No description
CnQingE,1788,1788,113.164625,40.156114,1348.4,Pestilence,Heavy,No description
CnQingE,1788,1788,118.153456,24.744127,38.0,Pestilence,Heavy,No description
CnQingE,1788,1788,118.547427,24.728931,41.3,Pestilence,Heavy,No description
CnQingE,1788,1788,118.37502099999999,25.012417000000003,51.3,Pestilence,Heavy,No description
CnQingE,1788,1788,108.930351,23.165160999999998,101.1,Pestilence,Heavy,No description
CnQingE,1788,1788,110.074161,23.330039000000003,38.9,Pestilence,Heavy,No description
CnQingE,1788,1788,113.69756699999999,39.625756,1429.1,Pestilence,Uncertain,No description
CnQingE,1788,1788,118.368991,24.450711,19.6,Pestilence,Uncertain,No description
CnQingE,1788,1788,108.534896,24.478563,185.2,Pestilence,Uncertain,No description
CnQingE,1789,1789,114.356715,26.340542,387.9,Pestilence,Heavy,No description
CnQingE,1789,1789,114.80933999999999,26.440378999999997,140.8,Pestilence,Heavy,No description
CnQingE,1789,1789,117.413446,23.683491,5.0,Pestilence,Heavy,No description
CnQingE,1789,1789,112.920027,25.26662,204.6,Pestilence,Heavy,No description
CnQingE,1789,1789,110.96678,22.031322,82.1,Pestilence,Heavy,No description
CnQingE,1789,1789,110.699448,21.440841,1.4,Pestilence,Heavy,No description
CnQingE,1789,1789,120.479444,30.605512,9.0,Pestilence,Heavy- Multiple Times,No description
CnQingE,1789,1789,114.98886499999999,27.095623,49.0,Pestilence,Uncertain,No description
CnQingE,1789,1789,114.98886499999999,27.095623,49.0,Pestilence,Uncertain,No description
CnQingE,1789,1789,114.893082,26.741134999999996,77.3,Pestilence,Uncertain,No description
CnQingE,1790,1790,103.18836,38.826415000000004,1345.1,Pestilence,Heavy,No description
CnQingE,1790,1790,116.37595300000001,38.081701,12.9,Pestilence,Uncertain,No description
CnQingE,1791,1791,113.768075,31.003732,33.9,Pestilence,Heavy,No description
CnQingE,1791,1791,100.792112,24.389131,2156.5,Pestilence,Heavy,No description
CnQingE,1791,1791,100.175292,25.24144,2485.6,Pestilence,Heavy,No description
CnQingE,1792,1792,103.168522,29.688503000000004,1429.9,Pestilence,Heavy,No description
CnQingE,1792,1792,116.013494,29.640973,179.7,Pestilence,Uncertain,No description
CnQingE,1792,1792,116.27786599999999,29.664389,32.8,Pestilence,Uncertain,No description
CnQingE,1792,1792,115.928853,29.995718,15.9,Pestilence,Uncertain,No description
CnQingE,1793,1794,120.896588,30.899904,4.8,Pestilence,Heavy,No description
CnQingE,1793,1793,120.590028,30.449647,6.5,Pestilence,Heavy,No description
CnQingE,1793,1793,114.271101,36.931317,233.1,Pestilence,Uncertain,No description
CnQingE,1793,1793,120.80831699999999,31.655226000000003,3.7,Pestilence,Uncertain,No description
CnQingE,1793,1793,120.80831699999999,31.655226000000003,3.7,Pestilence,Uncertain,No description
CnQingE,1793,1793,121.09057,30.713245,6.4,Pestilence,Uncertain,No description
CnQingE,1793,1793,116.27786599999999,29.664389,32.8,Pestilence,Uncertain,No description
CnQingE,1794,1794,106.13456699999999,34.737282,1472.8,Pestilence,Heavy,No description
CnQingE,1794,1794,121.25135300000001,31.353075,5.7,Pestilence,Heavy,No description
CnQingE,1794,1794,121.843877,29.376544,514.2,Pestilence,Heavy,No description
CnQingE,1794,1794,121.32328500000001,30.179804999999998,7.3,Pox,No description,No description
CnQingE,1795,1795,120.472939,27.82982,119.1,Pestilence,Heavy,No description
CnQingE,1795,1795,116.44686399999999,23.266574,4.4,Pestilence,Heavy,No description
CnQingL,1821,1824,,,,Cholera,Heavy,No description
CnQingL,1830,1831,,,,Influenza,Heavy,No description
CnQingL,1840,1842,,,,Cholera,Heavy,No description
CnQingL,1855,1858,,,,Diptheria,Heavy,No description
CnQingL,1883,1896,,,,Cholera,Heavy,No description
CnQingL,1889,1890,,,,Influenza,Heavy,No description
CnQingL,1890,1890,,,,Influenza,Heavy,No description
CnQingL,1890,1890,,,,Influenza,Heavy,No description
CnQingL,1894,1894,,,,Plague,Heavy,No description
CnQingL,1894,1894,,,,Plague,Heavy,No description
CnQingL,1902,1902,,,,Cholera,Heavy,No description
CnQingL,1910,1911,,,,Plague,Heavy,No description
